customer_id,name,age,gender,city,signup_date
C0001,AYESHA,19,FEMALE,rawalpindi,2023-04-03
C0002,hassan ,24,MALE,Sialkot,2024-05-14
C0003,Sara ,19,Male,Rawalpindi,2023-04-22
C0004,Shayan,56,male,swabi,2023-02-12
C0005, Muneeb,44,Male,Quetta,2025-04-21
C0006,Bilal ,18,MALE,multan,2023-11-28
C0007,bilal ,27,Male,faisalabad,2022-07-29
C0008,,42,MALE,faisalabad,2023-12-06
C0009,Bilal,20,Female,swabi,2022/09/13
C0010, Omar,23,Female,Sialkot,2024-01-11
C0011,usman ,72,Male,Lahore,2025-09-16
C0012,zainab,36,male,RAWALPINDI,2022-07-26
C0013,Omar ,35,Female,Faisalabad,2022/11/30
C0014, Mariam ,40,MALE,Peshawar,2025-12-08
C0015, Ahmed,56,MALE,Swabi,2023-05-17
C0016, FATIMA ,47,FEMALE,peshawar,2025-08-03
C0017, Muneeb,32,FEMALE,lahore,2023-04-15
C0018,Sara,38,Female,Peshawar,2022-05-16
C0019,usman ,54,Female,RAWALPINDI,2025/09/04
C0020,Sana ,43,female,islamabad,2023-06-27
C0021,Hassan,33,Female,Sialkot,2024-05-27
C0022,omar ,41,male,ISLAMABAD,2024-11-09
C0023, Sana ,23,Male,KARACHI,2022-11-10
C0024,Fatima,17,Female,SIALKOT,2022-05-11
C0025, Omar ,42,FEMALE,SWABI,2023-05-30
C0026, Muneeb,18,male,Swabi,2023-07-01
C0027,HAMZA ,25,female,Multan,2022-11-20
C0028, DANISH ,18,Female,SWABI,2023-01-01
C0029,SHAYAN ,24,Female,swabi,01/06/2025
C0030, usman,27,female,islamabad,2025-01-09
C0031,Shayan ,18,Female,Quetta,2022-02-09
C0032, ayesha,41,female,RAWALPINDI,2022-04-29
C0033,zainab,54,MALE,KARACHI,22/09/2024
C0034,Ahmed ,52,Male,Islamabad,2025-09-13
C0035,Sana,53,Male,Peshawar,2024-12-16
C0036, noor,31,Male,Peshawar,2024-03-28
C0037,Mariam,46,Female,Karachi,2023-05-23
C0038, ZAINAB ,22,Female,Lahore,2025-04-19
C0039,muneeb,32,Male,LAHORE,2022-05-26
C0040, sara ,32,male,Lahore,2023-11-08
C0041, Ahmed,50,Male,peshawar,2025-10-02
C0042, Sana,31,Male,SIALKOT,2025-03-26
C0043,sana ,33,Female,Multan,2023-01-25
C0044, Ayesha ,24,Female,FAISALABAD,2024/05/17
C0045,Noor ,47,Male,karachi,2022-05-05
C0046,omar ,99,female,karachi,2023-05-25
C0047, Usman,30,female,ISLAMABAD,2024-05-14
C0048,Fatima,35,female,Rawalpindi,2022-06-04
C0049, DANISH,53,Male,LAHORE,2025-08-28
C0050, Muneeb,18,Male,rawalpindi,2022-12-07
C0051,NOOR,150,FEMALE,Rawalpindi,2024-04-01
C0052, sara ,28,Female,Lahore,2024-03-10
C0053, bilal ,47,Female,Multan,2025-11-27
C0054,MUNEEB,60,female,ISLAMABAD,2023-01-24
C0055,Hira,31,MALE,sialkot,2025-01-15
C0056,sara ,38,Male,lahore,2025-04-11
C0057,SANA,50,MALE,LAHORE,2024-11-06
C0058,Ahmed,29,MALE,SIALKOT,2022-05-20
C0059,ZAINAB ,43,Male,sialkot,2023-05-20
C0060, sara ,57,male,multan,2025-09-08
C0061,,38,female,RAWALPINDI,2025-10-03
C0062,hamza,33,Female,MULTAN,2022-09-26
C0063,Hira,47,FEMALE,Karachi,2022-01-20
C0064,DANISH ,57,MALE,Karachi,2025-01-06
C0065,Usman,50,female,islamabad,2023-12-16
C0066,ahmed ,33,female,Peshawar,2022-11-20
C0067, Danish,52,female,SIALKOT,2025-09-01
C0068,Shayan ,18,FEMALE,Karachi,2022-10-03
C0069, Bilal,25,MALE,swabi,2022-11-15
C0070, bilal,36,male,Faisalabad,2023-02-21
C0071,Bilal ,50,female,Peshawar,2022-04-15
C0072,Ahmed ,58,FEMALE,PESHAWAR,2022/04/01
C0073,Ali ,39,Male,Peshawar,2022-11-27
C0074, DANISH ,53,FEMALE,Swabi,2022-01-20
C0075,AYESHA,22,Male,Swabi,2022-03-15
C0076,mariam ,55,Male,Multan,2022-09-19
C0077, Sara,37,FEMALE,LAHORE,2024-01-03
C0078, Usman,17,Male,KARACHI,2023-12-26
C0079,MUNEEB ,44,Male,Rawalpindi,2022-11-29
C0080,fatima,44,Male,Islamabad,2023-11-12
C0081,Noor,60,Male,Peshawar,2022-11-23
C0082,Ayesha,42,Male,quetta,2023-04-01
C0083, Usman,47,female,Peshawar,2023-04-12
C0084,Zainab ,19,Male,Multan,2023-11-04
C0085,Bilal ,22,Female,Faisalabad,2025-08-06
C0086,SHAYAN ,43,female,LAHORE,2022-08-25
C0087, bilal,29,FEMALE,Lahore,2022-08-11
C0088,Noor ,40,female,MULTAN,2025-05-26
C0089, Shayan,25,FEMALE,sialkot,2023-01-25
C0090, Bilal,20,FEMALE,LAHORE,2024-11-30
C0091,MUNEEB,17,male,faisalabad,2024-06-02
C0092,Ahmed ,60,Female,sialkot,2023-10-05
C0093,Ayesha ,99,FEMALE,Swabi,2023-09-26
C0094, Noor ,38,female,Peshawar,2025-02-09
C0095,Hassan,30,Female,Multan,2025-10-19
C0096, fatima,57,FEMALE,Multan,2025-01-27
C0097,ALI,37,Female,rawalpindi,2024-05-30
C0098,,47,Female,Quetta,2025/10/15
C0099, Usman ,50,female,ISLAMABAD,09-11-2025
C0100,AHMED,36,Female,Karachi,2023-04-27
C0101,Hira,32,male,islamabad,2022-02-20
C0102, sara ,33,FEMALE,sialkot,2022-05-30
C0103,danish,44,Male,MULTAN,2024-10-09
C0104,OMAR,33,Male,Lahore,2022-08-07
C0105, Noor ,0,Male,,2024-08-09
C0106, Sara ,53,Male,Karachi,2024-07-23
C0107,,47,FEMALE,Quetta,2025-06-08
C0108, SHAYAN,45,Female,Islamabad,2024-08-30
C0109,,34,Male,PESHAWAR,2024-12-03
C0110, Sana ,58,MALE,Peshawar,2024-06-19
C0111,ahmed ,72,female,Rawalpindi,2023-07-11
C0112,,38,Male,Islamabad,2022-11-05
C0113,Zainab ,42,male,rawalpindi,2022-05-12
C0114,noor ,44,FEMALE,swabi,2024-08-12
C0115, Noor,21,male,Multan,2024-03-08
C0116,Ali,54,female,quetta,2022-01-13
C0117, Mariam ,37,FEMALE,Multan,2025-01-07
C0118, Muneeb,56,Male,Quetta,2023-03-26
C0119,Bilal,45,female,lahore,2024-03-07
C0120, HAMZA ,60,Female,islamabad,2024-08-15
C0121,hassan,57,male,multan,2025-04-27
C0122, Ali ,23,female,Islamabad,2024-08-03
C0123,Fatima ,21,Female,,2023/11/02
C0124, usman ,47,Female,FAISALABAD,2024-02-16
C0125, Bilal ,44,Female,,2024-08-21
C0126, ali,52,Male,Faisalabad,2023-04-05
C0127, Ahmed,59,MALE,LAHORE,2023-05-22
C0128, USMAN,19,MALE,Rawalpindi,2022-09-16
C0129,SANA ,60,male,Sialkot,2023-03-23
C0130,danish ,16,female,Faisalabad,2022-12-10
C0131, AYESHA ,28,FEMALE,Karachi,2025-03-31
C0132, ali,37,Female,MULTAN,2023-02-11
C0133,AHMED ,55,MALE,KARACHI,2025-11-28
C0134,Hira ,17,Male,,2022-03-26
C0135, Mariam ,52,female,faisalabad,2022-05-22
C0136, SHAYAN ,59,Female,LAHORE,2024-05-10
C0137,Sana,24,female,FAISALABAD,2025-07-25
C0138,DANISH,72,MALE,Multan,2022-12-27
C0139, Shayan ,59,Female,SIALKOT,2025-01-07
C0140,SANA,47,FEMALE,sialkot,2023-07-04
C0141,Hamza ,33,Male,PESHAWAR,2024-07-12
C0142, Zainab ,47,FEMALE,Faisalabad,2022-02-28
C0143, Sana ,38,Male,quetta,2023-03-11
C0144, MARIAM,34,FEMALE,Peshawar,2025-05-05
C0145,Bilal ,53,male,,2023-01-27
C0146,Ahmed ,33,female,Quetta,2025-02-11
C0147, zainab,16,Female,quetta,2024-07-06
C0148,ALI,23,female,rawalpindi,2024-04-08
C0149, zainab ,37,Female,QUETTA,2025-02-07
C0150,SHAYAN,40,Female,swabi,2023-11-09
C0151,Mariam ,16,Female,Peshawar,2023-09-20
C0152,Bilal,32,MALE,Rawalpindi,2023-10-09
C0153,ayesha ,52,male,Rawalpindi,2023-03-20
C0154, Sana ,35,female,karachi,2023-02-02
C0155, Hira ,32,FEMALE,islamabad,2023-09-12
C0156,,72,MALE,PESHAWAR,2022-04-04
C0157, Sara ,53,FEMALE,Islamabad,2025-07-30
C0158, sana,24,MALE,,08-06-2023
C0159, Sana,48,female,FAISALABAD,2023-01-13
C0160, Sara,34,Female,Karachi,2022-05-14
C0161, OMAR ,-5,Male,SIALKOT,2025-07-13
C0162, Sara ,27,Male,Sialkot,2023-09-15
C0163,ahmed,33,MALE,Swabi,2024-05-02
C0164,zainab ,150,Female,Quetta,2024-06-25
C0165, Hira,55,female,,2025-03-10
C0166, Sara ,57,male,RAWALPINDI,2025-07-05
C0167, usman ,34,Male,islamabad,2023-05-07
C0168,FATIMA ,53,MALE,islamabad,2022-01-06
C0169, noor,46,Female,peshawar,2022-03-08
C0170, Zainab,36,Female,QUETTA,2022-05-26
C0171,,34,Male,Multan,2022-08-24
C0172,MUNEEB,32,MALE,peshawar,2022-10-19
C0173, AHMED ,21,MALE,Peshawar,03/05/2025
C0174,Hira,46,Male,Quetta,2025/11/11
C0175, HIRA ,16,FEMALE,Peshawar,2024-10-21
C0176,Muneeb ,49,Female,KARACHI,2025-05-09
C0177,Sara,45,Female,sialkot,2023-05-28
C0178, ali ,23,Male,Sialkot,2025-04-17
C0179, ali,17,FEMALE,SIALKOT,2022-03-24
C0180,Fatima ,48,female,peshawar,2023-01-07
C0181, Noor ,58,FEMALE,KARACHI,2024-08-20
C0182,Mariam,44,Female,Faisalabad,2025-10-04
C0183,Ayesha,28,Female,Multan,2025-11-21
C0184, SANA ,36,female,,2022-03-17
C0185,DANISH ,23,Female,,2023-10-25
C0186, AYESHA ,43,Male,Swabi,2024-08-04
C0187,Noor,21,male,Swabi,2024-01-11
C0188,Sana,58,female,Lahore,2023-02-21
C0189, Bilal,53,Male,PESHAWAR,2024-06-16
C0190, SANA,0,Male,SIALKOT,2023-05-06
C0191,fatima,37,male,Swabi,2024-04-15
C0192, AHMED,32,Male,Quetta,2022-08-29
C0193, HASSAN,49,Female,SWABI,2025-12-15
C0194, bilal ,44,female,Quetta,2023-05-15
C0195,Danish ,53,Male,,2023-01-26
C0196, SHAYAN ,26,Male,peshawar,2024-04-29
C0197, Hamza ,50,FEMALE,Lahore,2023-08-03
C0198, hira,55,Female,Islamabad,2024-07-03
C0199, muneeb,48,Female,FAISALABAD,2025-02-04
C0200,muneeb ,42,Female,Faisalabad,22/01/2023
C0201,Zainab ,54,Female,Rawalpindi,2024-04-21
C0202,Sara ,38,female,multan,2024-03-01
C0203, Hassan ,49,MALE,islamabad,2024-10-25
C0204,hamza ,24,Female,,2024-12-13
C0205,DANISH,18,male,Multan,2025-09-02
C0206,Hassan,22,FEMALE,Peshawar,2023-11-25
C0207, OMAR ,59,Male,Faisalabad,2025-10-13
C0208, Muneeb,42,Female,quetta,2025-01-13
C0209,Sara ,57,Male,RAWALPINDI,2025-07-16
C0210,HIRA,32,Male,MULTAN,2022-07-21
C0211,Ayesha ,46,Male,Peshawar,2022-03-01
C0212,sara,38,MALE,Peshawar,2024-01-05
C0213,mariam,45,Male,rawalpindi,2024-12-23
C0214,Noor ,54,Male,Islamabad,2022-12-25
C0215,Ahmed,57,Female,SIALKOT,2025-10-31
C0216,Zainab ,49,Male,RAWALPINDI,2024-08-02
C0217,bilal,47,Female,LAHORE,2024-08-10
C0218, HIRA,17,Male,KARACHI,2024-06-23
C0219, Mariam ,55,Female,multan,2025-11-14
C0220, Bilal ,47,FEMALE,RAWALPINDI,2024-02-27
C0221,sana ,24,Male,Multan,2025-03-17
C0222, Mariam ,54,FEMALE,PESHAWAR,2022-02-14
C0223, OMAR ,35,MALE,Sialkot,2025-11-05
C0224, Sara ,56,Female,Peshawar,2023-04-17
C0225, Mariam ,32,MALE,SIALKOT,29/05/2023
C0226, Hassan,58,Male,lahore,2023-09-25
C0227, danish,20,Female,islamabad,2022-07-04
C0228, Hira ,38,Female,ISLAMABAD,2023-02-16
C0229, Hassan,52,Female,Swabi,2024-10-24
C0230, Bilal,28,Female,quetta,2023-08-28
C0231, Hamza ,25,female,Karachi,16/10/2022
C0232,zainab ,17,female,Swabi,2024-01-20
C0233, ahmed ,43,male,peshawar,2025-01-03
C0234, AYESHA,47,Female,Peshawar,2025-04-12
C0235,OMAR ,58,FEMALE,karachi,2025-10-14
C0236, ZAINAB,48,male,sialkot,2025-02-23
C0237, Hamza,57,MALE,Karachi,2025-07-25
C0238,DANISH,16,FEMALE,MULTAN,2022-08-27
C0239,HASSAN,-5,Male,,2024-10-05
C0240,Ayesha,24,male,SWABI,2022-10-05
C0241, OMAR,0,Female,Swabi,2024-05-08
C0242, hassan ,44,Male,quetta,2025-06-14
C0243, Noor ,35,Male,faisalabad,2023-03-21
C0244, danish,46,Male,faisalabad,2022-07-23
C0245,mariam,52,Female,lahore,2024-03-26
C0246,,30,MALE,quetta,2022-07-07
C0247, Usman,59,male,LAHORE,2023-11-15
C0248, zainab ,26,MALE,karachi,2025-02-09
C0249, Usman ,55,male,Rawalpindi,2023-11-04
C0250, hassan ,56,Male,peshawar,2022-10-24
C0251, Hassan,52,female,islamabad,2022/08/14
C0252, Ali ,26,male,FAISALABAD,2023-05-03
C0253, HAMZA ,19,male,Peshawar,2022-04-18
C0254, Hassan ,44,male,Karachi,2024-09-02
C0255, Danish ,150,MALE,quetta,2024-10-28
C0256,ZAINAB ,57,male,SWABI,2023/09/10
C0257, danish,59,Male,lahore,2024-09-07
C0258, Omar,45,male,Quetta,2025-12-29
C0259, DANISH ,22,Male,FAISALABAD,2025-05-30
C0260,Hassan,22,Male,Peshawar,2025-07-02
C0261, MUNEEB ,72,Female,Multan,2025-05-08
C0262, Shayan,36,FEMALE,SWABI,2025-05-24
C0263,Noor ,0,Male,Swabi,2023-03-17
C0264, noor ,46,MALE,MULTAN,2023-11-26
C0265,DANISH ,43,Female,karachi,2023-10-03
C0266,Noor,38,female,faisalabad,2022-11-09
C0267,sana,22,Male,Karachi,2022-07-10
C0268, NOOR ,24,FEMALE,islamabad,2025-02-13
C0269,sara ,55,FEMALE,karachi,2024-04-21
C0270,Mariam,60,female,Lahore,2023-08-13
C0271, hira ,40,male,SIALKOT,2024-11-05
C0272,USMAN,27,Female,rawalpindi,2022-08-10
C0273, Mariam,53,FEMALE,karachi,2023-07-25
C0274,Zainab ,45,Male,,09/09/2025
C0275, BILAL ,19,male,peshawar,2025-12-10
C0276,HIRA,39,FEMALE,Lahore,2023-01-07
C0277,hassan,54,Female,KARACHI,2022/10/18
C0278, Ali,23,Male,Multan,2024-05-09
C0279, Danish ,39,MALE,Faisalabad,2023-10-01
C0280,Hamza,54,MALE,lahore,2022-11-15
C0281,fatima ,57,male,Karachi,2023-07-12
C0282,Danish,60,FEMALE,QUETTA,2025-05-28
C0283,Danish ,44,FEMALE,,2024-11-15
C0284,Ayesha,40,Female,karachi,2023-08-04
C0285, sana ,51,female,Lahore,2023-03-28
C0286, Omar ,56,Male,Lahore,2023-02-23
C0287,,31,MALE,Peshawar,2023-08-16
C0288, Hamza ,25,male,quetta,2024-05-31
C0289,Fatima ,26,female,swabi,2025-12-12
C0290, zainab ,50,Female,karachi,2024-03-24
C0291,sara ,45,MALE,quetta,2022-06-09
C0292,hamza ,54,FEMALE,Sialkot,2024-04-08
C0293,Noor ,36,male,Multan,2022-02-12
C0294, HAMZA,28,FEMALE,Faisalabad,2022-06-30
C0295,Noor,24,Male,MULTAN,2025-04-21
C0296,OMAR ,51,Male,Multan,2023-09-28
C0297,Hamza ,32,Female,islamabad,2022-06-06
C0298,Shayan,58,MALE,swabi,2024-11-10
C0299, Usman ,40,FEMALE,islamabad,2023-04-29
C0300, ayesha,27,Female,Rawalpindi,2022-12-22
C0301,,59,Male,islamabad,2025-07-10
C0302,Sana,47,female,Sialkot,2025-08-09
C0303,hamza ,58,Female,Islamabad,2024-06-19
C0304,Ahmed,48,FEMALE,PESHAWAR,17/07/2023
C0305,SARA ,40,male,Peshawar,2024-08-03
C0306, Danish ,20,male,faisalabad,2023-08-11
C0307,Ahmed,59,MALE,Sialkot,2025-05-01
C0308, Shayan,42,Female,Sialkot,2025-02-09
C0309,Sara,46,Male,Faisalabad,2025-05-24
C0310,sana ,50,Male,,2024-07-11
C0311,Ayesha ,39,Male,Swabi,2025-08-16
C0312, Fatima,20,Male,QUETTA,2024-06-18
C0313,Shayan ,51,male,Faisalabad,2024-02-03
C0314,Hira ,42,Female,Faisalabad,2025-10-22
C0315,Sara ,58,FEMALE,Karachi,2023-11-07
C0316,Ayesha,53,Female,Peshawar,2023-06-01
C0317,hassan,39,male,Sialkot,2025-09-21
C0318, HASSAN,40,FEMALE,Multan,2022-09-22
C0319, ahmed,37,Female,faisalabad,2022-09-19
C0320, shayan ,23,female,Swabi,2024-01-12
C0321,ALI ,41,FEMALE,Islamabad,2023-03-15
C0322, HAMZA,49,male,Rawalpindi,2022-10-09
C0323,Hassan ,22,Female,Karachi,2024-11-05
C0324, muneeb,51,Male,faisalabad,06-19-2025
C0325, Hassan ,56,Female,ISLAMABAD,2022-11-29
C0326, fatima,16,MALE,Quetta,2022-03-31
C0327,NOOR,41,Male,Quetta,2025-06-04
C0328,Hira ,46,male,SWABI,2023-05-05
C0329,Hira,48,male,FAISALABAD,2025-10-21
C0330, Danish,47,female,Multan,26/10/2024
C0331, Shayan,44,Male,rawalpindi,2025-05-23
C0332, Hassan ,34,male,Quetta,2024-01-31
C0333, MUNEEB ,24,male,,2022-06-21
C0334, Fatima ,35,female,SWABI,2022-10-29
C0335, noor,23,Male,Quetta,2023-12-17
C0336, Ali ,44,MALE,multan,2024-10-25
C0337, mariam,33,Female,Karachi,2024-02-07
C0338, zainab,19,female,Karachi,2025-08-24
C0339,Hamza ,27,Male,Lahore,2023-08-11
C0340,Sana,16,male,Quetta,2024-07-07
C0341,ALI ,23,Male,peshawar,2023-03-18
C0342,Hassan,53,FEMALE,karachi,2023-08-14
C0343,Zainab,37,MALE,Lahore,2023-05-04
C0344,,58,female,Karachi,2022-08-16
C0345, SANA,56,Male,SWABI,2025-03-23
C0346, ZAINAB ,72,male,Peshawar,2024-05-29
C0347, Ali ,57,FEMALE,Rawalpindi,2025-03-14
C0348, NOOR ,29,Male,swabi,2024-01-09
C0349,ahmed ,51,Male,Multan,2024-08-20
C0350, Sara ,58,Female,faisalabad,2023-06-04
C0351, ALI,40,Male,Faisalabad,2023-05-09
C0352, ayesha ,55,Female,Islamabad,2022-04-01
C0353, Mariam ,52,FEMALE,ISLAMABAD,2025-11-03
C0354, DANISH ,16,Female,ISLAMABAD,2022-10-04
C0355,Ahmed ,72,FEMALE,lahore,2023-08-24
C0356, Usman,20,MALE,Lahore,2023-10-09
C0357, HIRA ,50,female,,2024-08-27
C0358,bilal,20,Male,Peshawar,2024-01-02
C0359,sara ,59,Female,Peshawar,2022-09-12
C0360, Mariam ,45,FEMALE,Quetta,2024-03-02
C0361, hamza ,29,Female,,2024-01-23
C0362,shayan ,35,MALE,MULTAN,2022-06-11
C0363,NOOR,56,Male,Swabi,2023-08-25
C0364,Hamza,24,male,Faisalabad,2025-09-15
C0365,hira ,37,Female,sialkot,2024-05-22
C0366, Fatima ,16,FEMALE,Faisalabad,2024-07-04
C0367,SARA ,99,FEMALE,Sialkot,2024-06-09
C0368,bilal ,58,Male,Karachi,2025-10-06
C0369,omar ,41,Male,lahore,2022/10/20
C0370,danish ,-5,Male,KARACHI,2023-04-29
C0371,,41,female,sialkot,2022-03-08
C0372,HASSAN,17,Female,faisalabad,2024-02-01
C0373,DANISH ,22,male,swabi,2024-01-22
C0374, Omar ,38,female,rawalpindi,2022-08-21
C0375, ALI ,29,Female,Swabi,2024-03-03
C0376, muneeb,25,FEMALE,Peshawar,2025-12-12
C0377, danish,31,female,QUETTA,14/02/2023
C0378,Ayesha ,26,male,QUETTA,2022-12-20
C0379, DANISH,23,female,Faisalabad,2025-12-24
C0380,,53,female,PESHAWAR,2022-11-19
C0381,fatima ,41,MALE,karachi,2023-02-16
C0382,Hassan,33,Female,Lahore,2024-01-10
C0383,,54,female,quetta,2025-02-03
C0384,Hassan,57,Male,karachi,2023-09-26
C0385,Omar,72,FEMALE,Swabi,2024-04-21
C0386,Noor,54,Male,ISLAMABAD,2023-10-12
C0387,,46,Female,Swabi,2023-12-07
C0388, hassan ,53,Male,Islamabad,2024-06-05
C0389,shayan,21,Male,Swabi,2022-11-10
C0390,,150,male,Faisalabad,2025-12-23
C0391,Zainab,40,female,Karachi,2023-05-29
C0392, Usman ,58,Female,Islamabad,2025-07-04
C0393,Hira ,57,Male,swabi,2025-08-05
C0394, FATIMA,55,male,islamabad,2025-09-11
C0395,hamza ,54,Male,Lahore,2022-06-16
C0396,sara ,59,female,Rawalpindi,2025-03-17
C0397, NOOR,57,male,Quetta,2025-07-08
C0398,muneeb,36,female,,2023-05-17
C0399,OMAR,37,Female,Karachi,2025-11-11
C0400,Sara,28,female,Multan,2024-09-18
C0401,Danish,31,Female,Sialkot,2022-10-22
C0402, hamza,72,female,faisalabad,2024-03-27
C0403,hassan,41,MALE,FAISALABAD,2023-05-11
C0404,Danish,25,female,quetta,2023-05-23
C0405,HASSAN,24,Male,Peshawar,2024-02-26
C0406, Noor,33,Male,faisalabad,29/03/2025
C0407, HAMZA ,30,MALE,quetta,2024-11-20
C0408, Danish,49,Female,Quetta,2022-02-17
C0409,Ahmed,43,female,RAWALPINDI,2023-03-17
C0410, MARIAM,21,Male,Peshawar,2024-10-10
C0411,SANA ,36,Male,karachi,2024-06-01
C0412,,-5,Female,Multan,2024-01-20
C0413,SARA ,43,male,SIALKOT,2025-02-24
C0414, usman ,41,female,KARACHI,2024-03-02
C0415,shayan,46,Female,Sialkot,2025-10-25
C0416, Ayesha ,26,male,Multan,04/02/2024
C0417,Hamza ,53,female,Islamabad,2023-02-12
C0418, SHAYAN ,43,MALE,Lahore,2022-03-21
C0419,hassan ,72,female,quetta,2024-11-29
C0420,DANISH ,27,MALE,faisalabad,2025-06-09
C0421, hamza,28,Female,SIALKOT,2023-09-05
C0422,hamza,50,Female,sialkot,2023-09-06
C0423,Sana ,19,female,Faisalabad,2025-10-11
C0424,AYESHA,44,Female,LAHORE,2025-05-07
C0425, SANA ,34,Male,Lahore,2025-04-10
C0426, sana ,28,female,Islamabad,2025-10-26
C0427,zainab ,20,Male,RAWALPINDI,2022-02-08
C0428,Danish,38,Female,ISLAMABAD,2024/04/25
C0429,Usman ,44,female,LAHORE,2025-12-16
C0430,Hassan ,150,Male,Swabi,2023-10-28
C0431, sana,51,female,Faisalabad,2022-12-21
C0432, DANISH ,52,Female,Swabi,2023-12-27
C0433,bilal,57,female,Rawalpindi,2023-05-20
C0434, Bilal ,53,Female,RAWALPINDI,2023-09-02
C0435, Hira,72,Male,Quetta,2023-10-12
C0436, sana ,40,Female,peshawar,2022-09-07
C0437, MUNEEB,42,Female,Faisalabad,2022-10-27
C0438, Hira ,20,Female,KARACHI,2023-12-11
C0439,danish,59,female,QUETTA,2023-03-15
C0440, USMAN,52,Female,Swabi,2025-11-26
C0441, BILAL ,26,Male,sialkot,2025-04-16
C0442, zainab,33,Male,swabi,2023-04-08
C0443,Zainab,21,MALE,Multan,2023-11-08
C0444, SANA ,24,Male,Lahore,2025-02-01
C0445,Fatima ,44,Female,Quetta,2025-08-25
C0446,,36,female,Peshawar,2025-08-15
C0447,Sara,23,Male,SWABI,2022-03-18
C0448,FATIMA,44,Male,Lahore,2024-03-24
C0449,sana,29,FEMALE,LAHORE,2022-01-19
C0450,hira,54,Male,FAISALABAD,2023-08-06
C0451,Danish ,59,Female,ISLAMABAD,2024-10-29
C0452, DANISH ,-5,male,karachi,2023-11-09
C0453,FATIMA,99,FEMALE,Peshawar,2023-01-17
C0454, Ali ,39,Female,Sialkot,13/10/2025
C0455, Usman,29,female,Multan,2024-11-21
C0456,Hamza,23,Female,karachi,2023-01-14
C0457,Hassan,48,FEMALE,rawalpindi,2022-01-14
C0458, Bilal ,42,Male,QUETTA,2023-07-01
C0459,Hamza ,37,MALE,peshawar,2025-08-31
C0460, mariam,16,male,Lahore,2025-09-29
C0461,Ayesha ,47,Female,Islamabad,2024-04-10
C0462, Shayan ,72,Female,Karachi,2025-08-01
C0463,Hira,41,Male,Rawalpindi,2022-10-01
C0464, SANA ,27,Female,Sialkot,2024-02-05
C0465,,16,Female,swabi,2025-09-22
C0466,,33,male,Swabi,2024-07-03
C0467, Shayan ,72,FEMALE,Karachi,2025-03-01
C0468, Ayesha ,21,Male,Sialkot,2025-01-04
C0469,,150,FEMALE,,2024-06-23
C0470, Ayesha ,17,Male,SIALKOT,2024-09-28
C0471,ahmed,50,female,LAHORE,2024-07-17
C0472, hassan,50,Female,quetta,2025-02-28
C0473,Sara,53,FEMALE,Peshawar,2022-02-14
C0474, Omar ,34,MALE,rawalpindi,2025-03-30
C0475, Ahmed ,20,Female,FAISALABAD,2025-12-05
C0476,AHMED,52,MALE,KARACHI,2024-08-24
C0477,Sara ,36,FEMALE,Islamabad,2022-10-05
C0478,NOOR ,41,Female,QUETTA,2024-02-13
C0479,OMAR ,23,male,FAISALABAD,2022-08-31
C0480,,52,Female,SWABI,2022-09-18
C0481, Zainab ,18,Male,Peshawar,2024-08-06
C0482,Muneeb,45,female,Rawalpindi,2023-05-22
C0483,DANISH,40,MALE,PESHAWAR,2023-01-22
C0484,ayesha ,20,Female,SIALKOT,2022-02-02
C0485,Zainab ,31,MALE,Karachi,2025-05-01
C0486,sara,46,MALE,Rawalpindi,2022-04-01
C0487, Omar ,46,MALE,swabi,2023-03-21
C0488,Sara ,26,Female,rawalpindi,2025-03-25
C0489, HAMZA,54,female,RAWALPINDI,2023-09-11
C0490,,60,Male,MULTAN,2023-09-08
C0491, Bilal,21,male,Multan,2025-02-12
C0492,Sana,21,Female,Multan,2024-12-10
C0493,,16,female,Multan,2022-11-02
C0494, Hira ,42,Male,swabi,2024-08-27
C0495, zainab,32,female,Islamabad,08-06-2024
C0496,Sara ,53,Female,multan,2025-02-15
C0497, shayan ,26,FEMALE,Rawalpindi,2023-06-07
C0498,Usman,39,Male,QUETTA,2024-01-30
C0499,Ahmed ,52,male,Lahore,2023-07-04
C0500, OMAR ,17,Male,Karachi,2023-01-21
C0309,Sara,46,Male,Faisalabad,2025-05-24
C0014, Mariam ,40,MALE,Peshawar,2025-12-08
C0415,shayan,46,Female,Sialkot,2025-10-25
C0033,zainab,54,MALE,KARACHI,22/09/2024
C0461,Ayesha ,47,Female,Islamabad,2024-04-10
C0156,,72,MALE,PESHAWAR,2022-04-04
C0250, hassan ,56,Male,peshawar,2022-10-24
C0218, HIRA,17,Male,KARACHI,2024-06-23
C0222, Mariam ,54,FEMALE,PESHAWAR,2022-02-14
C0294, HAMZA,28,FEMALE,Faisalabad,2022-06-30
C0133,AHMED ,55,MALE,KARACHI,2025-11-28
C0466,,33,male,Swabi,2024-07-03
