review_id,customer_id,product_id,rating,review_text,review_date
R00001,C0373,P0085,5,VERY GOOD QUALITY,2023-05-15
R00002,C0196,P0058,5,terrible experience,2025-12-04
R00003,C0142,P0003,5, Poor packaging ,2023-11-23
R00004,C0094,P0038,5, Terrible experience ,10/04/2025
R00005,C0312,P0083,4,terrible experience,2023-09-01
R00006,C0231,P0011,5,NOT WORTH THE PRICE,2024-10-29
R00007,C0143,P0086,2,PRODUCT IS OKAY,2023-12-10
R00008,C0401,P0028,5,product is okay,2023-08-05
R00009,C0292,P0053,4, product is okay ,2024-04-27
R00010,C0276,P0011,4, Terrible experience ,2024-04-01
R00011,C0335,P0079,2,VERY GOOD QUALITY,2025-01-16
R00012,C0373,P0010,2,Will buy again,2024-05-09
R00013,C0298,P0003,4,Good product,2024-07-18
R00014,C0305,P0007,5,average quality,2025-06-04
R00015,C0145,P0077,5,AVERAGE QUALITY,2023-05-03
R00016,C0350,P0070,5, Very good quality ,2024-11-03
R00017,C0390,P0029,2, Amazing product ,2024-06-06
R00018,C0254,P0072,5,AMAZING PRODUCT,2023-07-10
R00019,C0361,P0081,5,Very good quality,2023-11-25
R00020,C0432,P0069,4, Amazing product ,2023-04-22
R00021,C0257,P0055,1,product is okay,2023-04-13
R00022,C0424,P0067,5,Very good quality,2024-08-19
R00023,C0042,P0055,4, product is okay ,2025-05-23
R00024,C0200,P0013,5,very good quality,2025-09-03
R00025,C0351,P0020,5, Amazing product ,2024-07-23
R00026,C0002,P0053,3,I love this product,13/04/2023
R00027,C0016,P0044,4,WILL BUY AGAIN,2025-11-28
R00028,C0177,P0071,5,BAD PRODUCT,2024-07-27
R00029,C0006,P0033,5,amazing product,2025-09-09
R00030,C0351,P0076,4, Will buy again ,2024-10-22
R00031,,P0037,5,good product,2023-03-10
R00032,C0102,P0011,3,Fast delivery,2023-05-13
R00033,C0267,P0053,5,very good quality,2025-07-05
R00034,C0286,P0078,4,NOT WORTH THE PRICE,2023-12-31
R00035,C0352,P0040,5,Amazing product,2024-09-14
R00036,C0240,P0054,5,average quality,2023-07-25
R00037,C0302,P0045,5,POOR PACKAGING,2024-03-09
R00038,C0186,P0010,3,Amazing product,2023-03-19
R00039,C0070,P0052,2,excellent,2024-03-10
R00040,C0319,P0018,3,bad product,2025-06-26
R00041,C0249,P0090,5,TERRIBLE EXPERIENCE,2025-08-27
R00042,C0168,P0074,2, Average quality ,2023-12-05
R00043,C0089,P0031,4,Amazing product,08/01/2025
R00044,C0136,P0026,5, Will buy again ,2024-07-23
R00045,C0404,P0024,3,VERY GOOD QUALITY,2024-05-08
R00046,C0003,P0016,4, Very good quality ,2024-10-03
R00047,C0174,P0062,5, Not worth the price ,2024-07-20
R00048,C0345,P0048,5,VERY GOOD QUALITY,2024-03-07
R00049,C0391,P0047,5, Fast delivery ,2024-05-23
R00050,C0479,P0027,3,I LOVE THIS PRODUCT,2025-01-10
R00051,C0389,P0028,1,AMAZING PRODUCT,2025-10-10
R00052,C0237,P0041,3, Bad product ,2024-10-16
R00053,C0368,P0029,3,BAD PRODUCT,2024-07-24
R00054,C0358,P0019,3,VERY GOOD QUALITY,2024-02-23
R00055,C0409,P0095,4,I LOVE THIS PRODUCT,2025-06-04
R00056,C0224,P0022,4,poor packaging,2023-01-14
R00057,C0454,P0029,4,Fast delivery,2023-02-08
R00058,C0364,P0034,1, Will buy again ,2024-10-29
R00059,C0369,P0067,5,good product,2024-09-16
R00060,C0088,P0079,5,average quality,2023-03-27
R00061,C0348,P0070,4,Bad product,2025-11-29
R00062,C0188,P0095,4,fast delivery,2025-12-04
R00063,C0093,P0074,4,EXCELLENT,14/07/2025
R00064,C0220,P0097,1,BAD PRODUCT,2025-01-09
R00065,C0488,P0060,5, Will buy again ,2024-03-21
R00066,C0269,P0008,4, Fast delivery ,2024-12-22
R00067,C0424,P0087,4,BAD PRODUCT,2025-05-06
R00068,C0104,P0091,3,product is okay,2023-06-19
R00069,C0236,P0048,5,GOOD PRODUCT,2023-05-11
R00070,C0102,P0018,2,product is okay,2025-07-09
R00071,C0398,P0028,5,average quality,2023-07-15
R00072,C0448,P0037,5,I love this product,2025-09-03
R00073,C0388,P0049,5,WILL BUY AGAIN,2025-11-09
R00074,C0216,P0028,5,Will buy again,2025-09-25
R00075,C0226,P0076,2,amazing product,2025-08-25
R00076,C0016,P0089,1,FAST DELIVERY,2024-05-23
R00077,C0277,P0075,4, Poor packaging ,2023-06-04
R00078,C0361,P0020,5,PRODUCT IS OKAY,2024-04-01
R00079,C0445,P0079,5,Not worth the price,2024-11-07
R00080,C0383,P0047,4, Excellent ,2025-09-23
R00081,C0200,P0035,5,TERRIBLE EXPERIENCE,2024-08-13
R00082,C0082,P0081,4, Fast delivery ,2025-02-24
R00083,C0087,P0020,3, Good product ,2024-02-25
R00084,C0396,P0053,5,average quality,2024-07-04
R00085,C0068,P0076,5, Amazing product ,2025-03-02
R00086,C0266,P0008,2,I LOVE THIS PRODUCT,2023-06-03
R00087,C0452,P0049,4,GOOD PRODUCT,2025-06-04
R00088,C0409,P0084,4, Excellent ,2024-06-22
R00089,C0019,P0050,4, product is okay ,2025-12-19
R00090,C0369,P0020,3,Amazing product,2023-10-16
R00091,C0075,P0075,2,poor packaging,2025-02-12
R00092,C0356,P0024,1,I LOVE THIS PRODUCT,2025-11-04
R00093,C0254,P0014,4,Terrible experience,2023-04-28
R00094,C0334,P0025,3,product is okay,26/01/2023
R00095,C0307,P0043,4,PRODUCT IS OKAY,2025-04-30
R00096,C0162,P0081,5,good product,2025-02-24
R00097,C0038,P0018,5,excellent,2024-10-15
R00098,C0271,P0070,3,AMAZING PRODUCT,2023-01-04
R00099,,P0071,5,Poor packaging,2025-11-28
R00100,C0391,P0004,5,Poor packaging,2023-05-21
R00101,C0459,,2, I love this product ,2023-07-23
R00102,C0382,P0023,4,EXCELLENT,2025-03-30
R00103,C0400,P0053,1, Poor packaging ,2023-03-02
R00104,C0171,P0072,4,product is okay,2025-11-01
R00105,C0401,P0099,4, Average quality ,2024-03-04
R00106,C0250,P0018,5, Terrible experience ,2023-08-20
R00107,C0089,P0056,5, Terrible experience ,2025-10-09
R00108,C0438,P0054,5,EXCELLENT,2024-04-03
R00109,C0038,P0092,5, Amazing product ,2023-06-05
R00110,C0259,P0008,5,terrible experience,2024-09-15
R00111,C0457,P0039,3,Will buy again,2024-05-07
R00112,C0303,P0061,1, Amazing product ,2025-09-26
R00113,C0395,P0049,4, Poor packaging ,2024-06-19
R00114,C0285,P0016,3,Poor packaging,2023-03-09
R00115,C0270,P0096,2,i love this product,2024-07-25
R00116,C0307,P0012,4,will buy again,2024-04-12
R00117,C0082,P0050,2,fast delivery,2025-06-21
R00118,C0004,P0028,4, Good product ,2023-09-26
R00119,C0055,P0018,5, Very good quality ,2025-09-29
R00120,C0230,P0097,4, Good product ,2024-09-23
R00121,C0126,P0018,3, I love this product ,2024-10-06
R00122,C0283,P0012,4,VERY GOOD QUALITY,2025-12-27
R00123,C0416,P0022,4,GOOD PRODUCT,2025-04-28
R00124,C0439,P0034,3,Very good quality,2025-02-19
R00125,C0444,P0059,4,Bad product,2025-03-22
R00126,C0455,P0073,2,VERY GOOD QUALITY,2023-01-20
R00127,C0116,P0013,4,good product,2023-02-08
R00128,C0423,P0009,5, I love this product ,2024-01-06
R00129,C0033,P0029,5,Not worth the price,2023-12-14
R00130,C0279,P0084,3,Good product,2023-06-03
R00131,C0230,P0005,3,bad product,2023-03-03
R00132,C0335,P0072,5,Very good quality,2024-09-30
R00133,C0444,P0097,1,Average quality,2025-03-05
R00134,C0043,P0091,5,excellent,2025-04-05
R00135,C0239,P0064,1,BAD PRODUCT,2025-10-02
R00136,C0324,P0096,3,Average quality,2025-01-16
R00137,C0366,P0074,1,poor packaging,2023-01-15
R00138,C0432,P0027,4,WILL BUY AGAIN,2024-12-19
R00139,C0492,P0027,3,fast delivery,2023-02-25
R00140,C0206,P0091,2, Bad product ,2025-05-12
R00141,C0499,P0009,3,Good product,2024-10-01
R00142,C0296,P0035,5, Not worth the price ,2023-09-02
R00143,C0019,P0047,4,product is okay,2023-06-02
R00144,C0486,P0044,5,very good quality,2024-02-28
R00145,C0065,P0004,3,Amazing product,2025-03-21
R00146,C0029,P0076,4,terrible experience,2023-11-03
R00147,C0001,P0062,4,Average quality,2023-07-11
R00148,C0104,P0044,5,Amazing product,2025-05-09
R00149,C0123,P0031,4, Amazing product ,2023-04-13
R00150,C0197,P0029,3, product is okay ,2025-11-25
R00151,C0186,P0062,-2, Average quality ,2024-02-15
R00152,C0052,P0076,3,FAST DELIVERY,2025-10-29
R00153,C0006,P0004,1, Terrible experience ,2024-09-03
R00154,C0073,P0088,2,NOT WORTH THE PRICE,2025-09-26
R00155,C0048,P0092,4,Average quality,2025-05-31
R00156,C0332,P0016,4,AVERAGE QUALITY,2025-03-12
R00157,C0495,P0003,4, Excellent ,2024-06-07
R00158,C0463,P0048,5, Fast delivery ,
R00159,C0372,P0092,5, Average quality ,2025-03-06
R00160,C0148,P0083,5,BAD PRODUCT,2023-05-01
R00161,C0055,P0098,2,PRODUCT IS OKAY,2023-02-13
R00162,C0087,P0001,3, Very good quality ,07/02/2025
R00163,C0054,P0077,5,POOR PACKAGING,2023-01-15
R00164,C0009,P0077,4, Very good quality ,2025-09-23
R00165,C0017,P0059,5, Fast delivery ,2023-09-03
R00166,C0381,P0075,5,Bad product,2025-03-09
R00167,C0237,P0061,5,product is okay,2024-12-26
R00168,C0144,,5,VERY GOOD QUALITY,2025-03-12
R00169,C0339,P0019,5,product is okay,2025-11-21
R00170,C0146,P0026,5, Will buy again ,2025-06-02
R00171,C0276,P0096,4,PRODUCT IS OKAY,2025-10-19
R00172,C0085,P0002,0, Bad product ,2023-01-08
R00173,C0497,P0072,3,I love this product,2023-06-14
R00174,C0425,P0030,5,Not worth the price,2024-11-26
R00175,C0250,P0049,3, Terrible experience ,2024-08-27
R00176,C0150,P0019,2,will buy again,2025-08-18
R00177,C0465,P0075,2,i love this product,2024-08-28
R00178,C0033,P0038,4,FAST DELIVERY,2025-01-24
R00179,C0491,P0072,4,Good product,2023-04-12
R00180,C0317,P0003,3,Not worth the price,2024-12-17
R00181,C0101,P0041,4,not worth the price,2024-06-04
R00182,C0230,P0089,3,bad product,04/06/2024
R00183,C0323,P0012,3, Good product ,2023-02-20
R00184,C0482,P0021,4, Average quality ,
R00185,C0268,P0015,2, Average quality ,2025-05-31
R00186,C0227,P0006,5, Bad product ,2024-02-10
R00187,C0226,P0038,4,VERY GOOD QUALITY,2025-10-04
R00188,C0220,P0002,2,bad product,2023-12-22
R00189,C0172,P0042,4,Excellent,2023-06-14
R00190,C0381,P0012,3,I love this product,12/05/2025
R00191,C0096,P0070,3,good product,2024-12-10
R00192,C0036,P0063,4,fast delivery,2024-06-28
R00193,C0050,P0050,5, Excellent ,2025-07-08
R00194,C0180,P0099,5,POOR PACKAGING,03/07/2024
R00195,C0284,,4,I love this product,2024-01-20
R00196,C0109,P0097,5,amazing product,2025-04-11
R00197,C0463,P0014,5,Good product,2023-12-02
R00198,C0217,P0084,5,PRODUCT IS OKAY,2024-12-25
R00199,C0056,P0018,4,terrible experience,2023-05-05
R00200,,P0049,5,AVERAGE QUALITY,2025-03-02
R00201,C0210,P0062,3,Not worth the price,2024-06-15
R00202,C0419,P0046,4,Not worth the price,2023-12-14
R00203,C0025,P0072,4,AVERAGE QUALITY,2024-12-23
R00204,C0349,P0010,2,product is okay,2024-09-18
R00205,C0425,P0074,3,Amazing product,2023-11-14
R00206,C0452,P0002,4, Amazing product ,2023-12-16
R00207,C0062,P0002,4, Bad product ,2025-12-02
R00208,C0172,P0098,4,VERY GOOD QUALITY,2024-05-28
R00209,C0347,P0020,3,Fast delivery,2024-11-14
R00210,C0127,P0024,3,product is okay,2025-04-18
R00211,C0289,P0016,4,poor packaging,2023-09-08
R00212,C0289,P0068,5,GOOD PRODUCT,2024-12-15
R00213,C0439,P0027,3,terrible experience,2023-03-29
R00214,C0174,P0025,5,GOOD PRODUCT,2025-06-05
R00215,C0456,P0002,4,WILL BUY AGAIN,2024-04-05
R00216,C0117,P0072,5, Poor packaging ,2024-08-15
R00217,C0378,P0056,1, product is okay ,2025-08-30
R00218,C0206,P0076,4,Bad product,2023-05-14
R00219,C0332,P0016,5,will buy again,2023-02-05
R00220,C0433,P0063,4, Very good quality ,2025-07-27
R00221,C0182,P0063,1,Average quality,2024-09-19
R00222,C0362,P0036,4,Good product,2025-06-12
R00223,C0060,P0040,5,EXCELLENT,2025-11-10
R00224,C0223,P0061,4,excellent,2024-09-17
R00225,C0396,P0089,3, product is okay ,2024-10-12
R00226,C0191,P0053,5,I love this product,2025-05-19
R00227,C0307,P0060,5,AMAZING PRODUCT,2023-12-01
R00228,C0093,P0095,4,NOT WORTH THE PRICE,2024-04-09
R00229,C0244,P0028,3,bad product,2024-06-25
R00230,C0251,P0097,5, Good product ,2024-01-26
R00231,C0325,P0079,5, Very good quality ,2023-03-24
R00232,C0208,P0098,4, Fast delivery ,2023-08-12
R00233,,P0009,5,product is okay,23/04/2024
R00234,C0011,P0058,4,not worth the price,2025-11-27
R00235,C0119,P0020,5, Amazing product ,2025-11-04
R00236,C0416,P0089,4, Poor packaging ,2023-06-25
R00237,C0384,P0056,5, Good product ,2024-12-26
R00238,C0322,P0012,5, Amazing product ,2023-07-31
R00239,C0004,P0021,4,product is okay,2024-07-02
R00240,C0122,P0055,3,Will buy again,2024-05-07
R00241,C0374,P0085,4,excellent,2025-08-05
R00242,C0024,P0009,3,EXCELLENT,2023-06-04
R00243,C0135,P0025,0,AVERAGE QUALITY,2023-06-03
R00244,C0441,P0087,3,I LOVE THIS PRODUCT,2023-09-02
R00245,C0384,P0072,5, Bad product ,2025-04-27
R00246,C0056,P0095,2,Average quality,2025-08-02
R00247,C0460,P0022,4,GOOD PRODUCT,2025-06-30
R00248,C0237,P0069,3,i love this product,2024-04-13
R00249,C0160,P0016,5,Average quality,2024-10-24
R00250,C0407,P0054,5,AVERAGE QUALITY,2025-07-14
R00251,C0100,P0009,-2,product is okay,2023-07-20
R00252,C0263,P0069,5,fast delivery,2023-12-27
R00253,C0119,P0061,4,PRODUCT IS OKAY,2023-02-08
R00254,C0445,P0083,1,POOR PACKAGING,2024-07-03
R00255,C0100,P0006,3,very good quality,2024-09-02
R00256,C0188,P0061,4,Poor packaging,2023-08-02
R00257,C0462,P0056,4,good product,2025-11-29
R00258,C0025,P0087,4,Terrible experience,2024-06-25
R00259,C0261,P0088,5,Amazing product,2023-03-19
R00260,C0344,P0017,5,AVERAGE QUALITY,2024-08-05
R00261,C0413,P0092,5,Bad product,2025-12-15
R00262,C0222,P0009,5,I LOVE THIS PRODUCT,2024-02-25
R00263,C0194,P0005,3,Terrible experience,2025-07-25
R00264,C0414,P0056,6,Excellent,2023-06-10
R00265,C0100,P0089,3,very good quality,2025-11-23
R00266,C0232,P0018,2,TERRIBLE EXPERIENCE,2023-11-07
R00267,C0104,P0067,5,Will buy again,2023-01-15
R00268,C0004,P0084,4, Excellent ,2023-01-07
R00269,C0329,P0068,5,Terrible experience,2024-04-15
R00270,C0058,P0084,3,very good quality,2025-04-02
R00271,C0212,P0033,4, Amazing product ,2024-01-14
R00272,C0102,P0072,5,WILL BUY AGAIN,2025-04-13
R00273,C0050,P0027,4,excellent,2025-08-30
R00274,C0455,P0090,5,bad product,2025-09-25
R00275,C0400,P0072,5, Very good quality ,2023-06-03
R00276,C0460,P0027,4,product is okay,2024-01-15
R00277,C0258,P0069,4,excellent,2023-03-11
R00278,C0046,P0026,5,Not worth the price,2025-09-23
R00279,C0027,P0084,2,excellent,2024-05-15
R00280,C0038,P0093,4,I LOVE THIS PRODUCT,2025-12-03
R00281,C0007,P0020,4,poor packaging,2025-10-06
R00282,C0008,P0061,4,BAD PRODUCT,2025-04-27
R00283,C0352,P0033,5,Poor packaging,2025-11-08
R00284,C0174,P0089,2,GOOD PRODUCT,2024-05-23
R00285,C0214,P0062,5, Poor packaging ,2023-06-02
R00286,C0262,P0086,3,Excellent,2025-06-28
R00287,C0114,P0078,5, product is okay ,2024-11-04
R00288,,P0029,5, Terrible experience ,2023-04-29
R00289,C0458,P0020,5,terrible experience,2024-01-12
R00290,C0331,P0067,5,Very good quality,2024-07-14
R00291,C0179,P0032,4, Amazing product ,2024-10-10
R00292,C0397,P0054,3, Amazing product ,2025-11-23
R00293,C0125,,5,BAD PRODUCT,2023-03-29
R00294,C0324,P0039,4,poor packaging,2025-04-28
R00295,C0348,P0011,2,fast delivery,2025-06-03
R00296,C0345,P0100,5,Terrible experience,2023-11-23
R00297,C0027,P0089,3,Not worth the price,2025-10-17
R00298,C0034,P0087,4,Amazing product,2024-07-26
R00299,C0020,P0011,4, Average quality ,2023-06-08
R00300,C0288,P0001,5,average quality,2024-08-26
R00301,C0455,P0021,4, Good product ,17/02/2024
R00302,C0066,P0037,5,POOR PACKAGING,2025-07-03
R00303,C0169,P0052,4,bad product,2024-03-14
R00304,C0279,P0083,5,Poor packaging,2025-05-21
R00305,C0246,P0029,5,TERRIBLE EXPERIENCE,2023-09-24
R00306,C0236,P0053,5,Good product,2025-05-01
R00307,C0097,P0079,5, product is okay ,2024-11-10
R00308,C0362,P0031,5,NOT WORTH THE PRICE,2023-04-11
R00309,C0396,P0061,4,Average quality,2023-06-02
R00310,C0304,P0071,5, Average quality ,2024-03-25
R00311,C0213,P0052,5, Will buy again ,2024-05-14
R00312,C0244,P0095,5,fast delivery,2025-05-02
R00313,C0464,P0065,5,Average quality,2024-12-25
R00314,C0247,P0058,3,i love this product,2025-10-12
R00315,C0186,P0073,5,bad product,2024-07-20
R00316,C0259,P0030,5,NOT WORTH THE PRICE,2023-05-31
R00317,C0349,P0066,4,Will buy again,2024-01-28
R00318,C0160,P0070,4,AMAZING PRODUCT,2023-12-07
R00319,C0318,P0049,3, Good product ,2024-07-31
R00320,C0137,P0042,3,Good product,2024-01-09
R00321,C0434,P0050,4, I love this product ,2023-05-08
R00322,C0246,P0067,3,BAD PRODUCT,2024-11-12
R00323,C0301,P0072,5,Poor packaging,2023-05-27
R00324,C0389,P0014,5, Will buy again ,2023-01-07
R00325,C0225,P0093,5, Not worth the price ,2024-03-02
R00326,C0302,P0038,5,good product,2024-04-01
R00327,C0261,P0093,5, Good product ,2024-09-14
R00328,C0131,P0012,3,product is okay,2023-11-18
R00329,C0457,P0071,4,GOOD PRODUCT,2025-11-15
R00330,C0164,P0041,5,VERY GOOD QUALITY,2023-02-01
R00331,C0398,P0014,4, Amazing product ,2025-08-05
R00332,C0002,P0064,5,Will buy again,2025-10-25
R00333,C0405,P0027,3, product is okay ,2023-06-13
R00334,,P0039,3,GOOD PRODUCT,2023-12-07
R00335,C0407,P0047,5, Amazing product ,2024-08-18
R00336,C0462,P0006,3, Very good quality ,2025-04-06
R00337,C0187,P0047,4,fast delivery,2025-08-30
R00338,C0194,P0028,4,product is okay,01/11/2023
R00339,C0498,P0002,4, product is okay ,2025-10-11
R00340,C0387,P0001,5,TERRIBLE EXPERIENCE,2024-11-29
R00341,C0447,P0044,4, Fast delivery ,2025-09-07
R00342,C0368,P0081,3, Terrible experience ,2024-08-04
R00343,C0293,P0052,2,Good product,2023-02-28
R00344,C0476,P0049,5, Very good quality ,2025-04-15
R00345,C0412,P0087,5,Very good quality,2024-12-03
R00346,C0041,P0057,3,not worth the price,2025-04-11
R00347,C0355,P0022,1,Average quality,2024-08-20
R00348,C0193,P0077,5,i love this product,2023-07-07
R00349,C0151,P0028,4,Excellent,2025-03-03
R00350,C0500,P0058,5, Fast delivery ,2025-07-27
R00351,C0406,P0047,4, Average quality ,2025-03-16
R00352,C0197,P0072,5, Excellent ,2024-07-03
R00353,C0093,P0054,5,Good product,2025-02-02
R00354,C0446,P0068,3, Poor packaging ,19/11/2023
R00355,C0159,P0078,5,Will buy again,2025-06-10
R00356,C0194,P0093,5,Good product,2023-08-25
R00357,C0388,P0041,4,poor packaging,2023-03-16
R00358,C0149,P0082,4,good product,2024-01-31
R00359,C0115,P0040,4, Poor packaging ,2025-06-30
R00360,C0054,P0018,3, Terrible experience ,2025-03-10
R00361,C0289,P0031,2,i love this product,2023-04-26
R00362,C0081,P0084,5,WILL BUY AGAIN,2024-03-02
R00363,C0308,P0083,5,WILL BUY AGAIN,2024-08-19
R00364,C0484,P0009,4,PRODUCT IS OKAY,2023-12-01
R00365,C0102,P0036,2,will buy again,2024-10-24
R00366,C0226,P0078,4, Amazing product ,2023-03-04
R00367,C0244,P0024,5,FAST DELIVERY,2025-04-01
R00368,C0437,P0097,4,poor packaging,2025-09-20
R00369,C0128,P0008,3,,2024-03-05
R00370,C0179,P0058,5,Poor packaging,2024-02-10
R00371,C0038,P0083,4,product is okay,2025-01-28
R00372,C0404,P0007,2, Average quality ,2023-07-22
R00373,C0249,P0059,3,I love this product,2025-02-16
R00374,C0311,P0047,5, Terrible experience ,2024-02-18
R00375,C0369,P0017,5,AVERAGE QUALITY,2025-02-23
R00376,C0240,P0011,4, Amazing product ,2025-05-13
R00377,C0169,P0100,4,I LOVE THIS PRODUCT,2023-08-31
R00378,C0016,P0078,5,AVERAGE QUALITY,2024-11-16
R00379,C0013,P0021,3,Poor packaging,22/07/2024
R00380,C0105,P0072,5, Will buy again ,2025-12-18
R00381,C0431,P0076,3,I LOVE THIS PRODUCT,2025-04-06
R00382,C0490,P0016,4, Excellent ,2025-03-06
R00383,C0139,P0099,4,POOR PACKAGING,2025-12-02
R00384,C0260,P0078,4,amazing product,2025-03-11
R00385,C0005,P0067,5,terrible experience,2025-09-07
R00386,C0119,P0073,4,Very good quality,2024-08-31
R00387,C0355,P0031,2,fast delivery,2023-03-20
R00388,C0461,P0080,5,average quality,2023-04-19
R00389,C0405,P0038,5,average quality,2025-08-13
R00390,C0235,P0007,3, I love this product ,2023-10-10
R00391,C0140,P0044,4, Will buy again ,2023-11-05
R00392,C0211,P0009,4, Good product ,2024-11-15
R00393,C0424,P0084,3,Bad product,2025-08-31
R00394,C0029,P0059,3,fast delivery,2023-07-05
R00395,C0126,P0079,5, Very good quality ,2024-06-01
R00396,C0004,P0031,4,I LOVE THIS PRODUCT,2023-12-11
R00397,C0482,P0004,5,EXCELLENT,2024-10-05
R00398,C0487,P0077,4, Amazing product ,2023-08-24
R00399,C0010,P0072,5,PRODUCT IS OKAY,2025-02-01
R00400,C0246,P0059,4,GOOD PRODUCT,2025-08-19
R00401,C0055,P0025,4,AMAZING PRODUCT,2024-03-17
R00402,C0308,P0081,5, Bad product ,2024-10-22
R00403,C0486,P0058,4, Amazing product ,2025-09-06
R00404,C0156,P0099,5,PRODUCT IS OKAY,2025-03-18
R00405,C0048,P0098,5,i love this product,2025-09-14
R00406,C0207,P0024,2,Not worth the price,2025-04-12
R00407,C0377,P0098,5,poor packaging,2025-04-22
R00408,C0462,P0030,2,TERRIBLE EXPERIENCE,
R00409,C0201,P0027,5, Terrible experience ,2025-12-29
R00410,C0006,P0026,2,BAD PRODUCT,2025-04-19
R00411,C0351,P0079,2,poor packaging,2025-05-12
R00412,C0313,P0033,4,Not worth the price,2025-03-23
R00413,C0423,P0036,4,Amazing product,2025-09-23
R00414,C0399,P0041,4,excellent,2025-03-18
R00415,C0494,P0032,4,average quality,2024-11-20
R00416,C0068,P0014,4,product is okay,2025-08-10
R00417,C0025,P0070,4,product is okay,2023-03-06
R00418,C0359,P0023,5,POOR PACKAGING,2024-05-26
R00419,C0470,P0065,5, Bad product ,2025-12-26
R00420,C0013,P0087,1,AMAZING PRODUCT,2023-11-30
R00421,C0182,P0032,5,Not worth the price,2024-10-20
R00422,C0325,P0046,1,NOT WORTH THE PRICE,2025-12-10
R00423,C0215,P0077,4,Good product,2023-03-20
R00424,C0308,P0022,5,excellent,2024-01-21
R00425,C0464,P0041,2,bad product,2024-09-07
R00426,C0140,P0016,1, Fast delivery ,2025-07-23
R00427,C0354,P0035,4, Will buy again ,2023-10-25
R00428,C0265,P0054,4,VERY GOOD QUALITY,2023-12-24
R00429,C0417,P0094,4,amazing product,2024-02-09
R00430,C0116,P0031,5,FAST DELIVERY,2025-06-11
R00431,C0316,P0040,0,Bad product,2023-02-10
R00432,C0138,P0033,2,TERRIBLE EXPERIENCE,2024-10-18
R00433,C0494,P0049,4,VERY GOOD QUALITY,2025-04-28
R00434,C0368,P0086,5,BAD PRODUCT,2025-01-15
R00435,C0213,P0037,2, Very good quality ,2023-01-29
R00436,C0274,P0040,3,very good quality,2025-09-24
R00437,C0343,P0024,5,product is okay,2025-04-15
R00438,C0072,P0028,4,AVERAGE QUALITY,2025-05-26
R00439,C0458,P0047,4,average quality,2025-05-29
R00440,C0066,P0085,5, Terrible experience ,2023-05-07
R00441,C0389,P0070,3, Average quality ,2025-04-22
R00442,C0089,P0056,4,average quality,11/09/2024
R00443,C0039,P0078,5,terrible experience,2025-11-16
R00444,C0362,P0066,5,AMAZING PRODUCT,2023-08-23
R00445,C0348,P0027,5, Fast delivery ,2024-03-10
R00446,C0418,P0082,4, Average quality ,2024-01-04
R00447,C0367,P0056,4, Bad product ,2025-12-27
R00448,C0217,P0096,5,product is okay,2023-01-05
R00449,C0262,P0011,4,terrible experience,2024-05-23
R00450,C0260,P0037,5,will buy again,2025-07-20
R00451,C0434,P0010,5,Excellent,2024-06-10
R00452,C0238,P0087,5, Average quality ,2023-06-30
R00453,C0377,P0041,4,Good product,2025-02-05
R00454,C0275,P0018,5,product is okay,2024-06-17
R00455,C0178,P0086,2,Fast delivery,2024-07-05
R00456,C0180,P0010,4,bad product,2023-05-02
R00457,C0012,P0085,4,PRODUCT IS OKAY,2025-06-01
R00458,C0320,P0093,2,FAST DELIVERY,2025-07-19
R00459,C0226,P0020,3, Fast delivery ,2024-05-03
R00460,C0119,P0016,5,FAST DELIVERY,2025-12-31
R00461,C0159,P0030,3,Terrible experience,2024-05-27
R00462,C0427,P0098,3, Bad product ,2023-02-03
R00463,C0131,P0087,5,good product,2023-05-06
R00464,C0085,P0100,5, Will buy again ,2024-03-07
R00465,C0182,P0007,2, I love this product ,2025-10-13
R00466,C0451,P0044,3,product is okay,2024-01-22
R00467,C0435,,5,excellent,2024-07-10
R00468,C0391,P0081,5,excellent,2024-01-17
R00469,C0082,P0050,5,bad product,2023-02-21
R00470,C0349,P0047,5,terrible experience,2025-01-23
R00471,C0481,P0093,5,not worth the price,
R00472,C0155,P0078,5, I love this product ,2025-01-30
R00473,C0177,P0094,4, I love this product ,2024-03-25
R00474,C0415,P0030,5,amazing product,2024-05-12
R00475,C0396,P0038,5, Excellent ,2023-05-27
R00476,C0350,P0045,1,very good quality,2025-10-30
R00477,C0391,P0057,4,POOR PACKAGING,19/06/2025
R00478,C0096,P0068,4,Good product,2024-11-27
R00479,C0372,P0066,4, Excellent ,2025-07-01
R00480,C0007,P0088,0,very good quality,04/06/2025
R00481,C0324,P0083,5, Amazing product ,2025-12-06
R00482,C0388,P0082,4,Will buy again,2023-02-06
R00483,C0386,P0038,5, Fast delivery ,2025-05-09
R00484,C0164,P0087,3,WILL BUY AGAIN,2025-02-11
R00485,C0002,P0027,5,bad product,2025-07-05
R00486,C0274,P0082,2,poor packaging,2025-07-04
R00487,C0232,P0043,4,good product,2023-03-07
R00488,C0018,P0063,5,FAST DELIVERY,2023-09-17
R00489,C0205,P0075,1,Good product,2025-08-05
R00490,C0107,P0075,5, Good product ,2025-03-27
R00491,C0471,P0069,5,average quality,2025-09-10
R00492,C0098,P0079,5, Bad product ,2023-03-26
R00493,C0323,P0033,3, Terrible experience ,2024-07-04
R00494,C0245,P0031,1,product is okay,2023-07-27
R00495,C0042,P0070,4,PRODUCT IS OKAY,2023-01-01
R00496,C0093,P0008,2,terrible experience,2024-02-06
R00497,C0251,,5,Amazing product,2023-05-28
R00498,C0317,P0081,5,Average quality,2023-09-14
R00499,C0043,P0082,5, Terrible experience ,2025-03-14
R00500,C0216,P0036,4,I LOVE THIS PRODUCT,2023-05-16
R00501,C0251,P0089,5, Amazing product ,2024-03-26
R00502,C0227,P0044,4,Not worth the price,2025-01-20
R00503,C0359,P0091,3,good product,2024-05-22
R00504,C0351,P0098,2,terrible experience,2024-01-30
R00505,C0003,P0010,1,WILL BUY AGAIN,2025-03-02
R00506,C0444,P0068,2,excellent,2024-01-01
R00507,C0082,P0073,2,GOOD PRODUCT,2023-05-02
R00508,C0253,P0038,5,Very good quality,2025-02-23
R00509,C0365,P0090,5, Average quality ,2024-03-07
R00510,C0282,P0049,5, Good product ,2024-08-30
R00511,C0439,P0085,3,excellent,2023-07-17
R00512,C0072,P0028,4,bad product,2024-09-07
R00513,C0379,P0033,4, Average quality ,2025-08-29
R00514,C0195,P0007,2, Terrible experience ,2025-03-16
R00515,C0233,P0083,2,excellent,2025-10-03
R00516,C0271,P0069,5,Amazing product,2023-12-03
R00517,C0063,P0070,2,Very good quality,2023-03-22
R00518,C0083,P0078,2, Good product ,2025-10-28
R00519,C0242,P0080,5, Terrible experience ,2025-12-27
R00520,C0372,P0014,5, product is okay ,2023-07-14
R00521,C0377,P0045,4, Terrible experience ,2025-03-11
R00522,C0327,P0087,3, Not worth the price ,2024-11-08
R00523,C0190,P0059,4, Terrible experience ,2025-01-16
R00524,C0011,P0029,4, Terrible experience ,05/04/2024
R00525,C0237,P0094,4,fast delivery,2024-07-26
R00526,C0478,P0078,5, Very good quality ,2023-02-12
R00527,C0390,P0080,5,Will buy again,2024-03-21
R00528,C0483,P0062,5,Poor packaging,2024-08-01
R00529,C0437,P0052,4,Fast delivery,2023-11-29
R00530,C0023,P0069,3,GOOD PRODUCT,2024-08-14
R00531,C0110,P0025,4, Average quality ,2024-03-10
R00532,C0314,P0070,1,BAD PRODUCT,2023-02-23
R00533,C0435,P0005,5, Good product ,2023-02-18
R00534,C0488,P0099,3,i love this product,2024-12-16
R00535,C0229,P0045,4,excellent,2025-06-08
R00536,C0405,P0092,5,Very good quality,2025-05-19
R00537,C0072,P0044,3,VERY GOOD QUALITY,2023-08-02
R00538,C0420,P0019,4,product is okay,2024-02-19
R00539,C0432,P0045,2, Poor packaging ,2023-12-02
R00540,C0411,P0023,2,NOT WORTH THE PRICE,2024-04-06
R00541,C0444,P0004,5,Poor packaging,2023-04-19
R00542,C0384,P0034,5, Poor packaging ,2023-01-27
R00543,C0354,P0066,4,will buy again,2025-05-29
R00544,C0041,P0014,5,BAD PRODUCT,2025-01-22
R00545,C0155,P0039,4,will buy again,2024-04-19
R00546,C0164,P0088,2, Terrible experience ,2025-08-09
R00547,C0065,P0012,5,Very good quality,2023-10-01
R00548,C0360,P0052,4,Poor packaging,2023-08-05
R00549,C0272,P0013,10,product is okay,2025-07-18
R00550,C0461,P0055,5,excellent,2025-01-22
R00551,C0171,P0020,2,not worth the price,2025-09-18
R00552,C0335,P0058,3,VERY GOOD QUALITY,2023-05-29
R00553,C0392,P0001,1, Not worth the price ,2025-12-29
R00554,C0331,P0056,4, Average quality ,2025-05-08
R00555,,P0040,5,very good quality,2024-08-18
R00556,C0121,P0045,4, Amazing product ,2024-09-28
R00557,C0292,P0043,4,EXCELLENT,2025-08-13
R00558,C0096,P0044,4,Bad product,2024-10-12
R00559,C0474,P0049,4,POOR PACKAGING,2025-10-03
R00560,C0416,P0097,5,Excellent,2025-02-04
R00561,C0321,P0050,2, Good product ,2024-04-04
R00562,C0499,P0086,5, product is okay ,25/05/2024
R00563,C0379,P0004,5,,2024-06-26
R00564,C0009,P0079,5,fast delivery,2023-05-07
R00565,C0408,P0083,5,terrible experience,2023-06-07
R00566,C0394,P0013,4,AMAZING PRODUCT,2025-02-17
R00567,C0324,P0095,5,Excellent,2023-10-16
R00568,C0334,P0040,3, I love this product ,2025-10-03
R00569,C0368,P0076,3,not worth the price,2023-06-04
R00570,C0186,P0082,-2,PRODUCT IS OKAY,2024-12-06
R00571,C0323,P0030,5, Excellent ,2025-10-31
R00572,C0047,P0051,5,bad product,2023-02-05
R00573,C0281,P0095,4,TERRIBLE EXPERIENCE,2025-11-08
R00574,C0369,P0090,2, Will buy again ,2025-04-16
R00575,C0339,P0025,4, Good product ,2025-12-31
R00576,C0483,P0011,2,product is okay,2025-12-05
R00577,C0477,P0026,3,AVERAGE QUALITY,2024-02-24
R00578,C0165,P0056,4, Poor packaging ,2023-05-06
R00579,C0478,P0067,5,i love this product,2025-06-26
R00580,C0471,P0097,6, Excellent ,2024-08-05
R00581,C0151,P0090,4,AVERAGE QUALITY,2023-07-12
R00582,C0238,P0050,5,Bad product,2023-07-13
R00583,C0252,P0096,5,Average quality,2024-05-09
R00584,C0209,P0037,1, I love this product ,2024-09-09
R00585,C0328,P0026,3,bad product,2025-03-11
R00586,C0374,P0039,4,POOR PACKAGING,2025-09-16
R00587,C0369,P0082,1,bad product,2024-11-18
R00588,C0345,P0022,2,POOR PACKAGING,2023-03-24
R00589,C0179,P0034,4,Poor packaging,2023-11-13
R00590,C0225,P0062,4,Excellent,2024-04-02
R00591,C0474,P0024,2, Fast delivery ,2025-12-03
R00592,C0344,P0099,2, Poor packaging ,2025-08-10
R00593,C0207,P0029,4,average quality,2023-01-15
R00594,C0054,P0080,3,I LOVE THIS PRODUCT,2024-05-31
R00595,C0240,P0055,3,FAST DELIVERY,2024-01-08
R00596,C0067,P0039,5,Not worth the price,2025-04-01
R00597,C0170,P0098,4,VERY GOOD QUALITY,2025-04-24
R00598,C0035,P0062,5,Fast delivery,2023-05-28
R00599,C0127,P0048,4,WILL BUY AGAIN,2023-10-22
R00600,C0153,P0042,5,Average quality,2025-07-19
R00601,C0321,P0042,1,GOOD PRODUCT,2023-02-17
R00602,C0453,P0057,4, Average quality ,2024-11-12
R00603,C0489,P0006,5,i love this product,2025-05-01
R00604,C0274,P0059,4,POOR PACKAGING,2024-09-02
R00605,C0280,P0086,2, Excellent ,2023-09-01
R00606,C0224,P0006,3,I LOVE THIS PRODUCT,26/04/2024
R00607,C0311,P0037,3,POOR PACKAGING,2023-12-28
R00608,C0448,P0017,5,average quality,12/01/2025
R00609,C0423,P0097,2,POOR PACKAGING,2023-09-01
R00610,C0008,P0085,4,EXCELLENT,2025-01-16
R00611,C0159,P0014,5,i love this product,18/05/2025
R00612,C0181,P0040,5, Not worth the price ,2023-08-07
R00613,C0051,P0014,5,PRODUCT IS OKAY,2023-08-12
R00614,C0052,P0038,1, product is okay ,2025-08-05
R00615,C0291,P0083,5,product is okay,2023-06-12
R00616,C0425,P0074,5,Poor packaging,2024-04-26
R00617,C0161,P0067,5, Average quality ,30/07/2024
R00618,C0459,P0091,4, Good product ,2023-07-22
R00619,C0244,P0010,3, Bad product ,2025-06-25
R00620,C0358,P0014,5, Fast delivery ,2025-02-27
R00621,C0174,P0025,5,amazing product,2023-01-10
R00622,C0050,P0088,5,i love this product,2024-07-31
R00623,C0292,P0033,3,good product,2025-12-13
R00624,C0099,P0004,1,terrible experience,2023-11-24
R00625,C0326,P0006,3, Not worth the price ,2024-06-19
R00626,C0310,P0080,5,TERRIBLE EXPERIENCE,2025-03-07
R00627,C0384,P0038,4, Good product ,2023-11-13
R00628,C0126,P0060,5,Not worth the price,2024-05-30
R00629,C0421,P0054,4,PRODUCT IS OKAY,2024-10-15
R00630,C0495,P0017,4,poor packaging,
R00631,C0122,P0071,5,not worth the price,2024-10-17
R00632,C0212,P0006,4,Good product,2023-01-17
R00633,C0279,P0004,4,product is okay,2023-09-04
R00634,C0394,P0071,5,poor packaging,28/01/2023
R00635,C0127,P0001,1, Good product ,2024-11-11
R00636,C0234,P0069,5,Bad product,2025-03-24
R00637,C0377,P0062,5,product is okay,2023-11-25
R00638,C0336,P0081,5, Bad product ,15/04/2023
R00639,C0098,P0002,5,I LOVE THIS PRODUCT,2023-05-25
R00640,C0440,P0070,2,Very good quality,2025-05-18
R00641,C0088,P0022,4, Excellent ,2025-08-15
R00642,C0332,P0051,4, Bad product ,2023-08-20
R00643,C0036,P0045,4, Will buy again ,2023-05-19
R00644,C0288,P0008,5, I love this product ,2023-01-06
R00645,C0348,P0017,0,i love this product,2023-10-02
R00646,C0086,P0089,5,Amazing product,2024-09-23
R00647,C0478,P0020,5,PRODUCT IS OKAY,2025-04-17
R00648,C0276,P0099,3,Excellent,2024-09-19
R00649,C0361,P0050,5,EXCELLENT,2025-09-25
R00650,C0138,P0079,5,FAST DELIVERY,2024-12-20
R00651,C0028,P0079,5,bad product,2024-04-15
R00652,C0185,P0047,5, Poor packaging ,2025-10-29
R00653,C0433,P0020,4,Poor packaging,2024-03-28
R00654,C0336,P0028,3,product is okay,2025-11-22
R00655,C0050,P0056,5, Very good quality ,2023-02-24
R00656,C0492,P0072,4,I love this product,2025-01-18
R00657,C0358,P0082,3,bad product,2025-04-18
R00658,C0369,P0075,2,Amazing product,2023-04-27
R00659,C0449,P0087,5, Amazing product ,2024-09-01
R00660,C0240,P0073,2,FAST DELIVERY,2023-11-18
R00661,C0096,P0060,5,Amazing product,2025-11-06
R00662,C0375,P0089,5,Very good quality,2024-07-16
R00663,C0135,P0070,4,Very good quality,2023-05-26
R00664,C0316,P0016,4, I love this product ,2023-11-28
R00665,C0173,P0067,4,Average quality,2025-09-17
R00666,C0132,P0006,3,GOOD PRODUCT,2023-12-23
R00667,C0283,P0100,4,POOR PACKAGING,2025-03-25
R00668,C0277,P0003,4,I LOVE THIS PRODUCT,2024-01-15
R00669,C0425,P0008,0,poor packaging,2023-02-16
R00670,C0411,P0003,4,very good quality,2025-10-16
R00671,C0108,P0098,4,product is okay,2024-10-21
R00672,C0352,P0019,4,PRODUCT IS OKAY,2023-09-21
R00673,C0420,P0090,4,TERRIBLE EXPERIENCE,2025-02-04
R00674,C0216,P0065,5,GOOD PRODUCT,2024-07-03
R00675,C0308,P0094,4,GOOD PRODUCT,2023-01-03
R00676,C0356,P0084,2, Poor packaging ,2023-08-16
R00677,C0109,P0049,2,BAD PRODUCT,2024-07-13
R00678,C0151,P0080,5,product is okay,2024-08-07
R00679,C0348,P0005,5,good product,2023-10-05
R00680,C0177,P0015,5,amazing product,2023-03-23
R00681,C0334,P0058,4,bad product,2024-09-23
R00682,C0400,P0055,5,Good product,2025-01-06
R00683,C0243,P0089,5,I LOVE THIS PRODUCT,2023-11-23
R00684,C0273,P0062,5,I LOVE THIS PRODUCT,2024-08-14
R00685,C0125,P0007,4,PRODUCT IS OKAY,2025-12-24
R00686,C0226,P0017,3,product is okay,2023-03-02
R00687,C0049,P0087,5,good product,2023-03-17
R00688,C0425,P0054,5,EXCELLENT,2024-06-30
R00689,C0158,P0081,5,Terrible experience,2023-06-14
R00690,C0420,,4, Terrible experience ,2023-10-03
R00691,C0079,P0021,1, Excellent ,2023-02-01
R00692,C0445,P0073,4,i love this product,2024-12-06
R00693,C0110,P0100,4,not worth the price,2024-01-19
R00694,C0435,P0062,5,Not worth the price,2024-12-05
R00695,C0185,P0094,5,fast delivery,2024-12-11
R00696,C0261,P0053,3,Poor packaging,2024-10-25
R00697,C0449,P0070,5,FAST DELIVERY,2023-02-20
R00698,C0219,P0098,5, Not worth the price ,2024-07-01
R00699,C0257,P0062,5,POOR PACKAGING,2023-12-10
R00700,C0159,P0066,5,I love this product,2023-08-17
R00701,C0027,P0007,3, Bad product ,2024-12-04
R00702,C0208,P0083,4,Average quality,2024-11-28
R00703,C0123,P0037,5,I LOVE THIS PRODUCT,2025-11-09
R00704,C0300,P0034,4, product is okay ,2025-11-07
R00705,C0234,P0001,4,AVERAGE QUALITY,2023-08-31
R00706,C0160,P0048,5,Good product,2024-11-04
R00707,C0198,P0028,5,Terrible experience,2024-02-06
R00708,C0219,P0078,4, Fast delivery ,2023-08-05
R00709,C0268,P0014,5,amazing product,2025-03-17
R00710,C0102,P0069,5, product is okay ,2025-06-21
R00711,C0187,P0084,5,Amazing product,2024-12-14
R00712,C0144,P0021,4,Bad product,2025-12-10
R00713,C0341,P0025,5,excellent,07/11/2023
R00714,C0316,P0086,4, Amazing product ,2025-07-31
R00715,C0456,P0060,5,WILL BUY AGAIN,2023-06-28
R00716,C0003,P0014,2,Will buy again,2025-02-11
R00717,C0402,P0059,-2,Average quality,2024-02-01
R00718,C0425,P0034,4,Poor packaging,2023-01-06
R00719,C0267,P0043,5, Amazing product ,2023-11-14
R00720,C0133,P0029,4,product is okay,2025-05-01
R00721,C0139,P0061,4,Average quality,2024-02-25
R00722,C0157,P0100,5, I love this product ,2025-03-10
R00723,C0265,P0069,5,amazing product,2024-03-10
R00724,C0214,P0011,5,not worth the price,2023-07-05
R00725,C0270,P0086,5,I love this product,2025-07-29
R00726,C0496,P0094,4,FAST DELIVERY,2025-12-08
R00727,C0277,P0038,5,EXCELLENT,2023-06-16
R00728,C0213,P0082,5,fast delivery,2023-11-29
R00729,C0464,P0089,5, I love this product ,2023-03-16
R00730,C0015,P0042,5, Excellent ,2023-05-13
R00731,C0215,P0003,3,fast delivery,2024-10-14
R00732,C0251,P0039,5,good product,2023-10-14
R00733,C0410,P0069,5,Terrible experience,2024-09-10
R00734,C0319,P0048,5,poor packaging,2025-06-23
R00735,C0165,P0048,4,AMAZING PRODUCT,2023-07-12
R00736,C0213,P0067,5,Very good quality,2024-04-10
R00737,C0266,P0031,1,I LOVE THIS PRODUCT,2024-03-05
R00738,C0267,P0089,6,will buy again,2024-05-10
R00739,C0471,P0040,4,Very good quality,2023-12-17
R00740,C0392,P0096,5,AVERAGE QUALITY,2024-11-02
R00741,C0089,P0026,5,Bad product,2025-01-27
R00742,C0029,P0096,5,BAD PRODUCT,2024-08-14
R00743,C0429,P0064,4, Very good quality ,2023-07-28
R00744,C0092,P0090,5,I love this product,2024-07-06
R00745,C0171,P0014,5,terrible experience,2024-08-02
R00746,C0264,P0053,5,Excellent,2023-10-02
R00747,C0029,P0020,4,Excellent,2023-07-24
R00748,C0325,P0005,4,bad product,2025-12-10
R00749,C0023,P0049,5, Good product ,2025-09-19
R00750,C0426,P0038,4,Average quality,2024-03-01
R00751,C0349,P0054,3,GOOD PRODUCT,2024-01-07
R00752,C0495,P0096,5,NOT WORTH THE PRICE,2024-03-02
R00753,C0188,P0051,3, Average quality ,2023-06-01
R00754,C0327,P0023,5,AMAZING PRODUCT,2025-10-11
R00755,C0088,P0043,1,BAD PRODUCT,2023-07-13
R00756,C0370,P0012,4,Average quality,2024-04-11
R00757,C0438,P0013,5,I LOVE THIS PRODUCT,2023-09-25
R00758,C0343,P0049,5,POOR PACKAGING,2025-01-19
R00759,C0374,P0096,1,Terrible experience,2024-09-30
R00760,C0087,P0050,4,good product,2023-10-18
R00761,C0126,P0043,5, Average quality ,2025-08-21
R00762,C0087,P0033,3,GOOD PRODUCT,2024-10-16
R00763,C0478,P0047,5,TERRIBLE EXPERIENCE,2024-04-30
R00764,C0208,P0010,1, Very good quality ,2024-04-07
R00765,C0003,P0035,5,Fast delivery,2025-12-23
R00766,C0070,P0061,5,fast delivery,2023-12-05
R00767,C0027,P0065,3, I love this product ,2023-03-15
R00768,C0215,P0072,5,Terrible experience,2024-04-06
R00769,C0188,P0046,3,NOT WORTH THE PRICE,2024-05-06
R00770,C0303,P0072,4,VERY GOOD QUALITY,2025-12-12
R00771,C0285,P0034,5, Excellent ,2025-06-17
R00772,C0405,P0050,4,AMAZING PRODUCT,2023-03-28
R00773,C0177,P0092,1, Fast delivery ,2025-09-27
R00774,C0107,P0026,5,Poor packaging,2023-01-07
R00775,C0499,P0095,4,BAD PRODUCT,2025-04-11
R00776,C0001,P0074,5, product is okay ,2024-08-14
R00777,C0129,P0059,1, Fast delivery ,2023-02-23
R00778,C0414,P0041,2,good product,2024-11-13
R00779,C0430,P0051,4,fast delivery,2024-10-23
R00780,C0392,P0079,4,product is okay,2023-03-21
R00781,C0166,P0069,5,Not worth the price,2025-10-14
R00782,C0384,P0092,5,WILL BUY AGAIN,30/09/2023
R00783,C0087,P0038,3, Bad product ,2023-03-28
R00784,C0010,,3,Not worth the price,2024-05-04
R00785,C0294,P0014,5,GOOD PRODUCT,2025-05-29
R00786,C0241,P0013,5,WILL BUY AGAIN,2024-05-19
R00787,C0124,P0044,4, Amazing product ,2023-06-10
R00788,C0409,P0012,5,Average quality,2023-10-29
R00789,C0500,P0020,5,POOR PACKAGING,2025-03-25
R00790,C0418,P0019,2,Excellent,2023-11-20
R00791,C0348,P0098,4,Very good quality,2024-07-06
R00792,C0395,P0017,1,product is okay,2024-08-11
R00793,C0153,P0018,5,bad product,2024-06-19
R00794,C0080,P0022,5,AVERAGE QUALITY,2024-05-06
R00795,C0119,P0089,1,Bad product,2023-04-25
R00796,C0050,P0025,1, Bad product ,2025-07-05
R00797,C0310,P0022,4, Poor packaging ,2023-11-26
R00798,C0121,P0043,3,GOOD PRODUCT,2025-09-27
R00799,C0366,P0030,4, Fast delivery ,2024-04-16
R00800,C0310,P0042,5, Not worth the price ,2023-08-27
R00801,C0249,P0053,5,Bad product,2024-07-28
R00802,C0357,P0067,5,AVERAGE QUALITY,2025-04-15
R00803,C0410,P0049,5,Average quality,2023-04-25
R00804,C0276,P0097,5,AMAZING PRODUCT,2025-07-19
R00805,C0479,P0047,4,Excellent,2025-02-08
R00806,C0141,P0001,2,POOR PACKAGING,2024-01-23
R00807,C0239,P0006,1,AMAZING PRODUCT,2023-04-21
R00808,C0459,P0031,4, Not worth the price ,2023-04-23
R00809,C0486,P0025,2, Very good quality ,2024-11-15
R00810,C0430,,4,BAD PRODUCT,2025-05-13
R00811,C0382,P0100,2, Excellent ,2025-05-29
R00812,C0075,P0038,3,fast delivery,2025-08-21
R00813,C0443,P0059,5, Excellent ,2024-01-09
R00814,C0100,P0065,5,,2023-05-12
R00815,C0086,P0077,3,Bad product,2023-12-06
R00816,C0083,P0068,3,EXCELLENT,2024-02-08
R00817,C0403,P0011,4, Excellent ,2025-10-21
R00818,C0167,,5,WILL BUY AGAIN,2023-12-01
R00819,C0308,P0004,3,not worth the price,2023-10-24
R00820,C0015,P0099,4, Amazing product ,2024-08-19
R00821,C0419,P0006,5,will buy again,2023-07-16
R00822,C0154,P0010,5,Bad product,2024-09-29
R00823,C0083,P0024,4,amazing product,2023-11-14
R00824,C0190,P0050,3,I LOVE THIS PRODUCT,2023-02-23
R00825,C0422,P0083,4,amazing product,2024-03-27
R00826,C0117,P0090,4,product is okay,2024-12-14
R00827,C0213,P0021,1, Will buy again ,2024-01-23
R00828,C0489,P0059,3,Average quality,2023-08-20
R00829,C0101,P0044,4,Poor packaging,2024-04-24
R00830,C0268,P0058,3,Poor packaging,2025-01-17
R00831,C0041,P0094,5,terrible experience,2023-02-14
R00832,C0391,P0005,4, Amazing product ,2024-07-02
R00833,C0247,P0047,4, Amazing product ,2024-12-08
R00834,C0359,P0024,2,FAST DELIVERY,2025-09-03
R00835,C0094,P0095,2, Will buy again ,2024-01-27
R00836,C0247,P0001,1,Poor packaging,2025-05-12
R00837,C0036,P0072,5,NOT WORTH THE PRICE,2024-09-13
R00838,C0153,P0051,4,product is okay,2025-07-23
R00839,C0369,P0081,4,TERRIBLE EXPERIENCE,2024-12-17
R00840,C0318,P0013,3,average quality,2024-05-26
R00841,C0489,P0083,5,not worth the price,2025-01-13
R00842,C0327,P0099,1,Not worth the price,2023-10-07
R00843,C0072,P0059,6,product is okay,2023-01-02
R00844,C0171,P0017,5,product is okay,2025-01-25
R00845,C0326,P0086,5,Will buy again,2024-06-25
R00846,C0053,P0015,5,will buy again,2023-05-08
R00847,C0448,P0048,5, Fast delivery ,2025-04-20
R00848,C0156,P0010,3, Bad product ,2025-05-15
R00849,C0229,P0054,5,product is okay,2025-11-05
R00850,C0332,P0073,1,average quality,2023-04-12
R00851,C0292,P0052,5, Average quality ,2025-09-17
R00852,C0103,P0055,1, Average quality ,2023-12-16
R00853,C0432,P0099,5,fast delivery,2024-02-11
R00854,C0080,P0004,5,Not worth the price,2024-10-17
R00855,C0372,P0094,3,excellent,2023-10-15
R00856,C0325,P0009,5,average quality,2024-03-27
R00857,C0031,P0090,4,product is okay,2024-03-01
R00858,C0177,P0020,4,will buy again,2024-06-29
R00859,C0062,P0006,3,Amazing product,2023-05-14
R00860,C0432,P0053,4,POOR PACKAGING,2024-05-21
R00861,C0016,P0080,5,WILL BUY AGAIN,2025-01-17
R00862,C0496,P0010,3,will buy again,2024-01-17
R00863,C0187,P0021,3,will buy again,2025-04-02
R00864,C0228,P0037,3, I love this product ,2025-08-07
R00865,C0225,P0084,2,product is okay,2025-02-19
R00866,C0084,P0065,4,not worth the price,2024-04-21
R00867,C0338,P0095,1,GOOD PRODUCT,2025-07-31
R00868,C0377,P0006,4, Will buy again ,2023-05-22
R00869,C0056,P0018,5,average quality,2024-08-16
R00870,C0005,P0048,4,not worth the price,2024-08-31
R00871,C0054,P0015,5,will buy again,2025-11-08
R00872,C0367,P0076,4, product is okay ,2023-02-10
R00873,C0132,P0075,1,VERY GOOD QUALITY,2023-04-22
R00874,C0399,P0093,5,good product,2025-06-18
R00875,C0099,P0089,3,VERY GOOD QUALITY,2024-08-23
R00876,C0089,P0004,5, Average quality ,2024-03-01
R00877,C0491,P0054,1,AVERAGE QUALITY,2023-04-26
R00878,C0044,P0017,5, Very good quality ,2023-05-01
R00879,C0344,,4, product is okay ,2024-02-28
R00880,C0410,P0045,2, Fast delivery ,2023-01-20
R00881,C0187,P0094,3,Poor packaging,2025-11-17
R00882,C0163,P0005,4,NOT WORTH THE PRICE,2025-04-30
R00883,C0221,P0057,1,Terrible experience,2025-01-02
R00884,C0137,P0015,-2,Average quality,2025-12-05
R00885,C0480,P0010,3,Fast delivery,2025-04-05
R00886,C0180,P0016,1,AVERAGE QUALITY,2023-09-27
R00887,C0243,P0007,5,PRODUCT IS OKAY,2023-11-16
R00888,C0399,P0030,2,poor packaging,2025-03-06
R00889,C0494,P0043,2,Very good quality,2023-08-29
R00890,C0364,P0056,2,BAD PRODUCT,2025-08-22
R00891,C0132,P0027,5, Terrible experience ,2025-01-27
R00892,C0135,P0015,5,GOOD PRODUCT,2025-03-15
R00893,C0439,P0054,2,Fast delivery,2023-01-22
R00894,C0489,P0090,5,I love this product,2024-01-18
R00895,C0179,P0028,5,VERY GOOD QUALITY,2023-03-15
R00896,C0256,P0010,4,BAD PRODUCT,2023-10-26
R00897,C0075,P0042,1,will buy again,2023-03-07
R00898,C0157,P0042,4,WILL BUY AGAIN,2023-12-29
R00899,C0011,P0071,4, Poor packaging ,2025-06-13
R00900,C0018,P0095,5,Amazing product,2025-05-27
R00901,C0066,P0041,5,Terrible experience,2024-04-16
R00902,C0209,P0005,5, Very good quality ,2023-01-31
R00903,C0299,P0095,5, product is okay ,2024-05-01
R00904,C0427,P0076,5,VERY GOOD QUALITY,2024-07-04
R00905,C0014,P0077,5,Amazing product,2025-10-31
R00906,C0428,P0093,2,AMAZING PRODUCT,2025-07-14
R00907,C0057,P0076,5,Bad product,2024-01-14
R00908,C0230,P0040,4,WILL BUY AGAIN,2023-06-07
R00909,C0303,P0033,4,Amazing product,04/11/2023
R00910,C0136,P0082,5,EXCELLENT,2024-09-02
R00911,C0421,P0006,5,BAD PRODUCT,2025-04-09
R00912,C0331,P0023,4, I love this product ,2024-05-12
R00913,C0364,P0056,4, product is okay ,2025-03-17
R00914,C0458,P0036,5,Poor packaging,2023-05-09
R00915,C0020,P0043,5,VERY GOOD QUALITY,2023-12-17
R00916,C0374,P0018,4,WILL BUY AGAIN,2025-08-17
R00917,C0139,P0025,3,Good product,2025-05-22
R00918,C0255,P0080,4, Poor packaging ,2024-04-23
R00919,C0234,P0059,5,Poor packaging,2023-05-17
R00920,C0002,P0066,1,Will buy again,2023-10-03
R00921,C0028,P0065,3,Amazing product,2024-04-01
R00922,C0043,P0092,5, Will buy again ,2024-03-24
R00923,C0391,P0013,3,FAST DELIVERY,2025-07-19
R00924,C0029,P0072,4, Bad product ,2024-05-24
R00925,C0198,P0011,5,will buy again,2025-03-04
R00926,C0009,P0011,5, I love this product ,2023-11-06
R00927,C0496,P0042,5, Will buy again ,2023-08-28
R00928,C0196,,5, Not worth the price ,2023-04-29
R00929,C0288,P0054,5,AMAZING PRODUCT,2025-05-16
R00930,C0045,P0003,5,POOR PACKAGING,2024-07-08
R00931,C0123,P0080,1,GOOD PRODUCT,2024-01-05
R00932,C0344,P0062,5,NOT WORTH THE PRICE,2025-09-17
R00933,C0211,P0003,3,terrible experience,2025-12-18
R00934,C0455,P0027,4, Excellent ,2024-12-10
R00935,C0201,P0090,1,not worth the price,2025-10-07
R00936,C0406,P0092,4, Fast delivery ,2024-12-26
R00937,C0331,P0004,1, product is okay ,2023-03-17
R00938,C0472,P0007,4, product is okay ,2023-04-20
R00939,C0023,P0054,4, product is okay ,2024-01-18
R00940,C0355,P0091,4,AMAZING PRODUCT,2025-10-31
R00941,C0180,P0048,5,NOT WORTH THE PRICE,2024-08-27
R00942,C0040,P0075,4,Amazing product,
R00943,C0433,P0017,5,average quality,2024-03-08
R00944,C0201,P0007,4,fast delivery,2023-01-27
R00945,C0306,P0082,5,TERRIBLE EXPERIENCE,2023-03-28
R00946,C0048,P0075,4,VERY GOOD QUALITY,2025-10-30
R00947,C0460,P0040,2,amazing product,2024-03-07
R00948,C0268,P0034,4,amazing product,2023-01-30
R00949,C0429,P0012,3,,2025-06-25
R00950,C0427,P0090,3, Very good quality ,2023-09-01
R00951,C0223,P0057,5,fast delivery,2025-01-30
R00952,C0355,P0086,1,terrible experience,25/03/2023
R00953,C0423,P0064,3, Fast delivery ,2024-02-12
R00954,C0054,P0043,5, I love this product ,2024-12-26
R00955,C0341,P0017,5,BAD PRODUCT,2024-10-21
R00956,C0276,P0032,2,POOR PACKAGING,2025-03-17
R00957,C0102,P0075,1,Good product,2024-03-12
R00958,C0150,P0072,4, Not worth the price ,2025-06-24
R00959,C0452,P0051,5,I love this product,2025-01-22
R00960,C0396,P0042,5,,2024-10-08
R00961,C0339,P0090,3, I love this product ,2024-08-05
R00962,C0479,P0018,3,i love this product,2023-01-03
R00963,C0088,P0008,4,i love this product,2023-04-02
R00964,C0367,P0004,5, Excellent ,2025-10-05
R00965,C0439,P0001,4,very good quality,2023-01-07
R00966,C0074,P0001,3,POOR PACKAGING,2023-11-08
R00967,C0132,P0013,5,Terrible experience,2025-04-09
R00968,C0351,P0079,1,GOOD PRODUCT,2025-08-08
R00969,C0361,P0067,4,poor packaging,2024-12-25
R00970,C0206,P0052,2,very good quality,2023-02-07
R00971,C0203,P0034,4,Average quality,2024-06-28
R00972,C0025,P0036,5,EXCELLENT,14/08/2024
R00973,C0362,P0052,5,Will buy again,2023-06-03
R00974,C0332,P0019,4,bad product,2023-12-12
R00975,C0354,P0057,5,Bad product,2025-06-02
R00976,C0175,P0035,2,terrible experience,2023-03-19
R00977,C0196,P0003,3,WILL BUY AGAIN,2024-01-04
R00978,C0155,P0053,4, Fast delivery ,2024-11-09
R00979,C0463,P0012,5,Will buy again,2025-12-22
R00980,C0197,P0070,5,Poor packaging,2025-03-31
R00981,C0448,P0080,5, Amazing product ,2024-03-20
R00982,C0343,P0075,5,I love this product,2024-07-16
R00983,C0449,P0078,4,very good quality,2025-12-26
R00984,C0120,P0070,1, Average quality ,2025-06-21
R00985,C0402,P0082,4,AVERAGE QUALITY,2024-09-13
R00986,C0375,P0092,3, Excellent ,2025-06-22
R00987,C0194,P0099,5,product is okay,2023-03-17
R00988,C0433,P0008,5,POOR PACKAGING,2024-11-05
R00989,C0115,P0100,4,WILL BUY AGAIN,2025-08-16
R00990,C0227,P0051,5, Terrible experience ,2024-03-18
R00991,C0367,P0028,2,product is okay,2024-06-06
R00992,C0294,P0003,3, Good product ,2023-11-21
R00993,C0304,P0022,4,product is okay,2025-09-24
R00994,C0408,P0044,4,bad product,2024-02-20
R00995,C0371,P0085,4,very good quality,2024-10-11
R00996,C0500,P0021,2,Very good quality,2025-05-23
R00997,C0377,P0001,4, Poor packaging ,2025-04-17
R00998,C0011,P0049,1, Not worth the price ,2024-10-11
R00999,C0319,P0058,4,Poor packaging,2023-11-24
R01000,C0067,P0095,5, Fast delivery ,2025-05-13
R01001,C0067,P0097,4,amazing product,2024-03-23
R01002,C0169,P0033,4,will buy again,2023-03-27
R01003,C0154,P0093,5,AVERAGE QUALITY,2024-11-20
R01004,C0120,P0074,1,POOR PACKAGING,2025-03-28
R01005,C0453,P0026,3,WILL BUY AGAIN,2024-06-03
R01006,C0486,P0050,4,amazing product,2023-02-16
R01007,C0132,P0038,4,Amazing product,2025-12-23
R01008,C0023,P0018,4,amazing product,2025-04-08
R01009,C0116,P0024,5,PRODUCT IS OKAY,2024-04-01
R01010,C0177,P0085,0, Excellent ,2023-02-15
R01011,C0239,P0077,4,TERRIBLE EXPERIENCE,2023-08-02
R01012,C0408,P0038,5,Will buy again,2025-12-15
R01013,C0265,P0055,5, Good product ,2023-06-05
R01014,C0264,P0091,4,TERRIBLE EXPERIENCE,2024-04-07
R01015,C0123,,5, Terrible experience ,2024-10-14
R01016,C0311,P0068,2,BAD PRODUCT,2024-05-30
R01017,C0386,P0012,4,Poor packaging,2024-03-03
R01018,C0255,P0072,3, Poor packaging ,2023-08-10
R01019,C0252,P0097,4,will buy again,2024-09-21
R01020,C0180,P0004,3, I love this product ,2024-09-23
R01021,C0433,P0018,3,good product,2024-02-14
R01022,C0423,P0087,5, Good product ,24/04/2023
R01023,C0220,P0058,4,I love this product,2024-11-12
R01024,C0018,P0100,4, Fast delivery ,2024-01-25
R01025,C0164,P0062,5,TERRIBLE EXPERIENCE,2025-02-24
R01026,C0334,P0029,5, Not worth the price ,2025-07-15
R01027,C0200,P0009,3,AVERAGE QUALITY,2024-01-06
R01028,C0242,P0036,5, Very good quality ,2024-12-30
R01029,C0048,P0056,5, Will buy again ,2024-04-03
R01030,C0162,P0056,3,Not worth the price,2023-05-12
R01031,C0261,P0099,5, Terrible experience ,2023-11-17
R01032,C0136,P0084,5,Excellent,2025-05-03
R01033,C0176,P0010,4,i love this product,2025-12-16
R01034,C0231,P0088,3,FAST DELIVERY,2025-10-11
R01035,C0031,P0098,4,NOT WORTH THE PRICE,2023-05-20
R01036,C0468,P0051,3,good product,2023-06-13
R01037,C0131,P0099,4,VERY GOOD QUALITY,2025-02-12
R01038,C0460,P0093,4,Good product,2023-05-06
R01039,C0302,P0020,5,Fast delivery,2025-04-24
R01040,C0405,P0026,5,product is okay,2024-11-06
R01041,C0336,P0055,5,BAD PRODUCT,2025-07-02
R01042,C0321,P0072,4,I LOVE THIS PRODUCT,2025-09-05
R01043,C0169,P0034,4,GOOD PRODUCT,2023-10-02
R01044,,P0061,3,TERRIBLE EXPERIENCE,2023-09-06
R01045,,P0025,4,I love this product,2024-07-12
R01046,C0004,P0100,5,bad product,2025-12-24
R01047,C0084,P0054,5,FAST DELIVERY,02/06/2025
R01048,C0093,P0073,5,Excellent,2025-02-09
R01049,C0199,P0023,4,I LOVE THIS PRODUCT,2025-01-27
R01050,C0175,P0087,5,,2023-01-29
R01051,C0157,P0075,3, product is okay ,2025-11-10
R01052,C0497,P0074,5,excellent,2025-07-08
R01053,C0184,P0043,4,EXCELLENT,2025-03-28
R01054,C0322,P0022,5,BAD PRODUCT,2023-04-11
R01055,C0135,P0057,5,Good product,2024-11-10
R01056,C0134,P0064,3,Not worth the price,2025-01-03
R01057,C0363,P0090,4, Excellent ,2023-01-23
R01058,C0288,P0094,2,product is okay,2025-08-17
R01059,C0354,P0078,0, Bad product ,2025-07-02
R01060,C0440,P0031,2,Poor packaging,09/11/2024
R01061,C0076,P0067,5, I love this product ,2023-05-09
R01062,C0181,P0099,5,WILL BUY AGAIN,2025-11-26
R01063,C0334,P0084,3,Terrible experience,2024-06-29
R01064,C0068,P0075,3,AMAZING PRODUCT,2025-08-12
R01065,C0123,P0071,5,FAST DELIVERY,2024-09-28
R01066,C0434,P0023,3,TERRIBLE EXPERIENCE,2024-07-28
R01067,C0316,P0099,2,average quality,2023-01-16
R01068,C0218,P0066,4,poor packaging,2025-02-27
R01069,C0456,P0081,5, Amazing product ,2023-04-06
R01070,C0232,P0052,4,EXCELLENT,2024-06-06
R01071,C0090,P0063,5,bad product,2024-09-21
R01072,C0239,P0014,4,Very good quality,2024-12-19
R01073,C0234,P0025,4,I love this product,2023-06-24
R01074,C0209,P0016,4,NOT WORTH THE PRICE,2023-11-18
R01075,C0251,P0028,2, Not worth the price ,2025-08-28
R01076,C0121,P0095,5,Poor packaging,2025-10-11
R01077,C0150,P0003,3,WILL BUY AGAIN,2024-03-17
R01078,C0292,P0089,5, Very good quality ,2025-03-25
R01079,C0444,P0100,-2,Will buy again,2023-09-04
R01080,C0160,P0096,4, product is okay ,2025-03-24
R01081,C0280,P0067,5,WILL BUY AGAIN,2025-06-02
R01082,C0473,P0051,4,Bad product,2023-06-05
R01083,C0093,P0040,4,,2024-01-07
R01084,C0253,P0052,2, product is okay ,2025-05-17
R01085,C0352,P0059,4,very good quality,2025-03-14
R01086,C0048,P0082,5,average quality,2025-11-28
R01087,C0184,P0059,5, Amazing product ,2023-10-16
R01088,C0275,P0048,4, Will buy again ,2023-12-20
R01089,C0162,P0020,3,AMAZING PRODUCT,2025-10-26
R01090,C0014,P0080,2,Excellent,
R01091,C0115,P0100,5,I love this product,04/05/2024
R01092,C0138,P0017,3,average quality,2025-09-06
R01093,C0419,P0097,5,VERY GOOD QUALITY,2023-05-15
R01094,C0162,P0067,6,Bad product,2024-01-06
R01095,C0286,P0015,5, Amazing product ,2024-11-13
R01096,C0048,P0078,2,Good product,2025-07-12
R01097,C0223,P0059,5,I love this product,2025-05-25
R01098,C0311,P0026,5,Very good quality,2024-03-05
R01099,C0435,P0051,2, Average quality ,2024-10-02
R01100,C0101,P0025,3,Not worth the price,2024-08-29
R01101,C0166,P0002,3,EXCELLENT,2025-01-08
R01102,,P0095,3, Will buy again ,2023-12-25
R01103,C0046,P0005,5,Very good quality,2023-11-25
R01104,C0154,P0090,4,NOT WORTH THE PRICE,2025-07-12
R01105,C0439,P0077,4,VERY GOOD QUALITY,2024-08-21
R01106,C0343,P0078,4,Fast delivery,2025-07-08
R01107,C0120,P0013,4,WILL BUY AGAIN,2025-09-10
R01108,C0220,P0069,1,PRODUCT IS OKAY,2023-09-15
R01109,C0101,P0024,4,Good product,2023-05-18
R01110,C0411,P0028,5,FAST DELIVERY,2024-09-19
R01111,C0412,P0025,4,TERRIBLE EXPERIENCE,2025-03-22
R01112,C0316,P0066,5,POOR PACKAGING,2024-04-16
R01113,C0222,P0031,4,not worth the price,2024-09-07
R01114,C0160,P0093,5, Average quality ,2025-11-05
R01115,C0016,P0085,5,not worth the price,2024-02-02
R01116,C0402,P0053,5, I love this product ,2024-01-31
R01117,C0325,P0004,4,Not worth the price,
R01118,C0445,P0075,3, Average quality ,2023-10-28
R01119,C0443,P0018,5,terrible experience,2023-06-06
R01120,C0425,P0023,2, Average quality ,2025-07-04
R01121,C0109,P0083,3, Terrible experience ,2024-11-29
R01122,C0309,P0085,2,I love this product,2023-12-14
R01123,C0297,P0095,2,Excellent,2025-10-26
R01124,C0448,P0016,4,VERY GOOD QUALITY,2023-10-11
R01125,C0111,P0066,5,bad product,2025-10-31
R01126,C0388,P0077,3,Good product,2023-08-03
R01127,C0002,P0100,4, product is okay ,2025-01-22
R01128,C0482,P0039,5,I LOVE THIS PRODUCT,2025-05-22
R01129,C0287,P0097,2,good product,2025-03-06
R01130,C0487,P0031,4, Good product ,2024-09-27
R01131,C0438,P0004,5,good product,2024-10-31
R01132,C0357,P0035,5,not worth the price,2025-12-02
R01133,C0412,P0090,1,Terrible experience,2024-02-15
R01134,C0446,P0036,2,Excellent,2024-05-07
R01135,C0469,P0046,4, I love this product ,2024-06-20
R01136,C0053,P0095,3,Very good quality,2023-09-03
R01137,C0177,P0035,5,,11/11/2024
R01138,C0379,P0084,5, product is okay ,2023-09-24
R01139,C0389,P0088,4,,2023-08-09
R01140,C0432,P0080,5,TERRIBLE EXPERIENCE,2023-04-07
R01141,C0035,P0031,5,NOT WORTH THE PRICE,2024-08-22
R01142,C0330,P0054,2,Fast delivery,2023-09-21
R01143,C0431,P0048,1,amazing product,2024-09-11
R01144,C0105,P0051,4,Good product,2023-02-25
R01145,C0039,P0054,5,Poor packaging,2023-01-28
R01146,C0043,P0044,2, product is okay ,2024-03-19
R01147,C0214,P0003,5,Amazing product,2025-02-27
R01148,C0312,P0039,4,FAST DELIVERY,2024-02-05
R01149,C0459,P0078,5,,2024-03-01
R01150,C0002,P0075,2,Not worth the price,2023-03-10
R01151,C0191,P0026,5,Fast delivery,2024-02-17
R01152,C0499,P0004,5,Fast delivery,2024-03-27
R01153,C0395,P0045,3, Not worth the price ,2023-12-20
R01154,C0347,P0072,5,poor packaging,2023-02-05
R01155,C0154,P0077,5,i love this product,2023-03-30
R01156,C0142,P0071,3,Will buy again,2024-11-07
R01157,C0050,P0088,4,Not worth the price,2024-03-06
R01158,C0145,P0005,3,fast delivery,2025-07-11
R01159,C0345,P0038,5, Very good quality ,2023-06-14
R01160,C0290,P0027,5, Fast delivery ,2024-02-12
R01161,C0321,P0001,4,excellent,2025-11-16
R01162,C0297,P0010,5,will buy again,22/03/2025
R01163,C0205,P0064,5, I love this product ,2023-02-24
R01164,C0348,P0047,5,bad product,2023-05-29
R01165,C0468,P0043,5,product is okay,2025-10-29
R01166,C0194,P0068,5,will buy again,2023-03-29
R01167,C0097,P0078,3, Average quality ,2023-10-23
R01168,C0017,P0066,5,product is okay,2025-12-23
R01169,C0074,P0042,5, Terrible experience ,2024-10-26
R01170,C0405,P0026,4,AMAZING PRODUCT,2023-04-03
R01171,C0013,P0028,3,I love this product,2025-08-23
R01172,C0043,P0020,3,GOOD PRODUCT,2025-01-24
R01173,C0405,P0072,5,not worth the price,2024-09-18
R01174,C0106,P0089,4,good product,2025-07-24
R01175,C0235,P0071,3, Very good quality ,2024-01-22
R01176,C0012,P0093,3,Amazing product,2024-12-15
R01177,C0061,P0036,5,GOOD PRODUCT,2024-10-16
R01178,C0037,P0071,2,Very good quality,2024-05-12
R01179,C0364,P0050,5,VERY GOOD QUALITY,2025-10-09
R01180,C0002,P0005,5, Average quality ,2025-11-20
R01181,C0156,P0094,5,product is okay,2023-08-12
R01182,C0395,P0095,5,BAD PRODUCT,2024-01-29
R01183,C0260,P0014,5,good product,2024-08-05
R01184,C0085,P0041,5,FAST DELIVERY,2024-05-24
R01185,C0198,P0019,5,fast delivery,2025-01-09
R01186,C0140,P0035,4,very good quality,2023-11-15
R01187,C0367,P0098,5, Will buy again ,2025-07-01
R01188,C0467,P0008,2,AMAZING PRODUCT,2024-01-26
R01189,C0063,P0043,5,BAD PRODUCT,2024-06-07
R01190,C0413,P0056,2,very good quality,2023-08-15
R01191,C0436,P0040,2,Poor packaging,2024-04-24
R01192,C0385,P0091,3,GOOD PRODUCT,2025-04-11
R01193,C0476,P0097,5,bad product,2025-04-22
R01194,C0068,P0016,5, Not worth the price ,2025-04-25
R01195,C0289,P0039,5,,2023-06-30
R01196,C0433,P0082,5,GOOD PRODUCT,2023-01-04
R01197,C0085,P0091,2,EXCELLENT,2024-03-25
R01198,C0012,P0016,5,Not worth the price,2025-07-20
R01199,C0196,P0044,4,fast delivery,2025-03-10
R01200,C0464,P0032,5,BAD PRODUCT,2024-03-29
R01201,C0332,P0025,4, Not worth the price ,2025-10-31
R01202,C0151,P0031,4,AVERAGE QUALITY,2024-07-30
R01203,C0087,P0023,4,terrible experience,2025-10-31
R01204,C0250,P0034,1, product is okay ,2023-04-25
R01205,C0103,P0066,4,product is okay,2023-01-28
R01206,C0315,P0048,4, Good product ,07/07/2024
R01207,C0329,P0009,3,Not worth the price,2024-04-18
R01208,C0170,P0058,4,I love this product,2024-01-02
R01209,C0359,P0065,2, I love this product ,2024-01-14
R01210,C0489,P0016,4,good product,2025-02-02
R01211,C0470,P0045,5, Will buy again ,2025-08-01
R01212,C0294,P0066,5,WILL BUY AGAIN,2023-06-22
R01213,,P0012,4,Poor packaging,2024-09-30
R01214,C0368,P0048,5,BAD PRODUCT,2025-05-18
R01215,C0321,P0041,3,Bad product,2023-10-10
R01216,C0102,P0017,2,POOR PACKAGING,2024-09-17
R01217,C0398,P0068,3,i love this product,2023-12-18
R01218,C0031,P0085,4,Bad product,2023-02-16
R01219,C0317,P0010,5, product is okay ,2025-07-28
R01220,C0197,P0041,5,TERRIBLE EXPERIENCE,2023-08-06
R01221,C0125,P0093,5,Average quality,2023-10-26
R01222,C0321,P0043,1,I love this product,2025-11-22
R01223,C0126,P0014,5,Average quality,2025-01-13
R01224,C0443,P0049,5,bad product,2025-02-02
R01225,C0112,P0008,3, Bad product ,2024-07-28
R01226,C0113,P0003,5,GOOD PRODUCT,2023-08-25
R01227,C0034,P0037,2, Not worth the price ,2024-09-11
R01228,C0095,P0011,5,AVERAGE QUALITY,2024-05-23
R01229,C0245,P0065,4,product is okay,2023-02-26
R01230,C0191,P0043,5,product is okay,2023-10-10
R01231,C0457,P0062,10,I LOVE THIS PRODUCT,2023-02-18
R01232,C0065,P0055,5,GOOD PRODUCT,2024-09-18
R01233,C0205,P0080,4,product is okay,2025-08-26
R01234,C0377,P0067,5, I love this product ,2024-01-12
R01235,C0344,P0076,4,Not worth the price,2024-09-18
R01236,C0109,P0045,2,Good product,2025-07-06
R01237,C0403,P0038,5, Amazing product ,2025-02-17
R01238,C0359,P0058,4,will buy again,2025-04-05
R01239,C0290,P0053,3,poor packaging,2023-02-23
R01240,C0227,P0015,5,very good quality,2024-08-01
R01241,C0025,P0085,4,terrible experience,2024-12-30
R01242,C0066,P0006,5,VERY GOOD QUALITY,2023-05-16
R01243,C0432,P0062,3,terrible experience,2023-01-17
R01244,C0073,P0017,5,WILL BUY AGAIN,2025-01-26
R01245,C0372,P0029,5, Excellent ,2023-10-11
R01246,C0283,P0011,3,terrible experience,2024-09-15
R01247,C0058,P0053,3,VERY GOOD QUALITY,2025-06-02
R01248,C0379,P0080,5,PRODUCT IS OKAY,2025-08-23
R01249,C0158,P0053,4,AMAZING PRODUCT,2025-09-23
R01250,C0059,P0015,1,amazing product,2025-12-15
R01251,C0297,P0043,5,very good quality,2023-08-14
R01252,C0253,P0070,2,I LOVE THIS PRODUCT,2023-09-20
R01253,C0031,P0026,3,I love this product,2023-08-29
R01254,C0189,P0067,4, Not worth the price ,2023-01-22
R01255,C0155,P0017,3,EXCELLENT,2025-04-05
R01256,C0371,P0039,5, Fast delivery ,2025-11-09
R01257,C0147,P0092,4,NOT WORTH THE PRICE,2024-02-27
R01258,C0416,P0036,4,i love this product,2025-10-14
R01259,C0014,P0067,4,PRODUCT IS OKAY,2023-02-17
R01260,C0356,P0059,4, product is okay ,2023-05-15
R01261,C0500,P0064,2, Poor packaging ,
R01262,C0143,P0007,5,GOOD PRODUCT,2023-11-16
R01263,C0423,P0034,5, Terrible experience ,2025-11-08
R01264,C0088,P0036,5,AVERAGE QUALITY,2024-04-18
R01265,C0423,P0027,4,NOT WORTH THE PRICE,2025-03-09
R01266,C0027,P0037,4,Average quality,2025-03-24
R01267,C0377,P0059,5,very good quality,2023-09-02
R01268,C0039,P0053,4,VERY GOOD QUALITY,2025-12-13
R01269,C0251,P0092,3, I love this product ,2024-03-27
R01270,C0229,P0060,4,average quality,2025-05-05
R01271,C0266,P0095,4,average quality,2025-02-06
R01272,C0237,P0031,5, Will buy again ,2024-05-11
R01273,C0328,P0014,5, product is okay ,2025-11-23
R01274,C0463,P0067,5, Very good quality ,2024-10-12
R01275,C0168,P0037,4, Very good quality ,2024-03-13
R01276,C0142,P0081,5,TERRIBLE EXPERIENCE,2024-12-21
R01277,C0225,P0077,4, I love this product ,2023-03-03
R01278,C0308,P0093,5,Good product,2025-09-02
R01279,C0329,P0008,5,average quality,2025-02-03
R01280,C0108,P0004,4,Good product,2023-05-26
R01281,C0054,P0100,4,Average quality,2023-08-02
R01282,C0089,P0045,3,Amazing product,2023-12-26
R01283,C0094,P0074,2,product is okay,2025-01-01
R01284,C0354,P0017,4,average quality,18/04/2023
R01285,C0176,P0083,4,product is okay,29/11/2023
R01286,C0430,P0014,4,i love this product,2025-08-18
R01287,C0273,P0046,4,not worth the price,2024-10-18
R01288,C0333,P0052,3, Average quality ,2023-11-15
R01289,C0384,P0035,5,EXCELLENT,15/06/2025
R01290,C0259,P0096,4,bad product,2023-11-12
R01291,C0066,P0007,1,AVERAGE QUALITY,2023-05-30
R01292,C0150,P0074,1,not worth the price,2023-03-27
R01293,C0193,P0044,4,Bad product,2023-05-07
R01294,C0449,P0088,5,VERY GOOD QUALITY,2024-07-24
R01295,C0215,P0007,4,AMAZING PRODUCT,2025-04-22
R01296,C0119,P0057,4,bad product,2025-02-04
R01297,C0294,P0031,1,,2023-08-29
R01298,C0176,P0050,5,WILL BUY AGAIN,2024-02-04
R01299,C0031,P0048,5,WILL BUY AGAIN,2023-01-03
R01300,C0178,P0006,4, Not worth the price ,2025-03-06
R01301,C0059,P0087,5,WILL BUY AGAIN,2024-11-18
R01302,C0267,P0033,5,average quality,2024-12-20
R01303,C0204,P0033,2, Amazing product ,2024-06-25
R01304,C0464,P0096,2,good product,2023-03-10
R01305,C0347,P0022,5,good product,2025-02-07
R01306,C0383,P0005,4,AVERAGE QUALITY,2023-04-30
R01307,C0211,P0019,5,excellent,2024-01-17
R01308,C0186,P0016,2,WILL BUY AGAIN,2025-08-12
R01309,C0309,P0049,4,I LOVE THIS PRODUCT,2024-01-02
R01310,C0209,P0004,5,fast delivery,2025-12-07
R01311,C0120,P0011,4,Average quality,2024-03-09
R01312,C0092,P0023,3,good product,2025-10-11
R01313,C0462,P0037,5,EXCELLENT,2023-06-11
R01314,C0024,P0059,5,i love this product,2023-12-11
R01315,C0288,P0060,3,AVERAGE QUALITY,2024-11-11
R01316,C0291,P0025,5,will buy again,2025-03-30
R01317,C0151,P0022,4,Poor packaging,2025-03-25
R01318,C0249,P0100,1,NOT WORTH THE PRICE,2025-08-22
R01319,C0272,P0058,5,Excellent,2025-10-26
R01320,C0265,P0008,5, Very good quality ,2023-08-01
R01321,C0106,P0005,2,product is okay,2024-12-17
R01322,C0479,P0075,3,BAD PRODUCT,2024-03-01
R01323,C0187,P0022,4, Bad product ,2024-03-06
R01324,C0172,P0006,4, Average quality ,2024-08-09
R01325,C0411,P0004,5,Not worth the price,2024-05-10
R01326,C0136,P0036,5, Poor packaging ,2025-03-28
R01327,C0210,P0005,4,average quality,2023-08-13
R01328,C0366,P0022,5,NOT WORTH THE PRICE,03/08/2023
R01329,C0381,P0047,4, Fast delivery ,2024-09-28
R01330,C0300,P0032,2,Excellent,2025-08-18
R01331,C0062,P0039,2,PRODUCT IS OKAY,2025-02-19
R01332,C0198,P0079,2, Will buy again ,2023-03-13
R01333,C0343,P0049,4,VERY GOOD QUALITY,2023-04-14
R01334,C0313,P0055,3, product is okay ,2025-01-21
R01335,C0043,P0076,3,Will buy again,2023-04-02
R01336,C0136,P0026,5,I love this product,2025-08-10
R01337,C0086,P0080,5,product is okay,2025-04-28
R01338,C0450,P0005,4,Fast delivery,2023-01-22
R01339,C0212,P0100,3,Bad product,2024-05-01
R01340,C0419,P0024,5,terrible experience,2024-07-15
R01341,C0138,P0099,4,Fast delivery,2025-03-24
R01342,C0276,P0098,1,fast delivery,2023-06-26
R01343,C0304,P0005,2,not worth the price,2024-10-17
R01344,C0375,P0031,5,Bad product,2024-01-17
R01345,C0249,P0078,5,very good quality,2023-08-25
R01346,C0252,P0066,2,fast delivery,2023-08-22
R01347,C0309,P0092,3,BAD PRODUCT,2025-07-19
R01348,C0496,P0075,3,VERY GOOD QUALITY,2025-04-10
R01349,C0484,P0018,5,Terrible experience,2023-10-26
R01350,C0435,P0078,3,bad product,2024-12-14
R01351,C0132,P0010,3,Poor packaging,2025-06-26
R01352,C0441,P0062,4, Not worth the price ,2023-06-27
R01353,C0192,P0087,4,i love this product,2023-11-28
R01354,C0133,P0047,3,poor packaging,2025-12-01
R01355,C0449,P0031,5,not worth the price,2025-06-05
R01356,C0300,P0072,1,excellent,2024-04-26
R01357,C0145,P0007,5,POOR PACKAGING,2024-02-16
R01358,C0411,P0025,5,I LOVE THIS PRODUCT,2025-11-13
R01359,C0436,P0082,3,Very good quality,2024-12-21
R01360,C0296,P0024,5,NOT WORTH THE PRICE,2025-04-29
R01361,C0196,P0083,4,poor packaging,2023-02-18
R01362,C0012,P0062,4,amazing product,2025-01-26
R01363,C0123,P0007,4, Good product ,2023-04-12
R01364,C0074,P0063,3,fast delivery,2023-01-28
R01365,C0355,P0053,5,product is okay,2023-02-02
R01366,C0448,P0001,4, Amazing product ,2023-11-15
R01367,C0121,P0029,4,i love this product,2023-06-28
R01368,C0350,P0015,3,Excellent,2025-08-25
R01369,C0422,P0023,4,I LOVE THIS PRODUCT,2024-04-11
R01370,C0324,P0019,4,PRODUCT IS OKAY,2025-04-14
R01371,C0361,P0065,5,AMAZING PRODUCT,2024-07-24
R01372,C0168,P0034,5,bad product,18/10/2025
R01373,C0380,P0017,5, Amazing product ,2024-05-19
R01374,C0390,P0032,5,Not worth the price,2025-11-12
R01375,C0386,P0040,3,GOOD PRODUCT,2025-08-23
R01376,C0470,P0066,3,Very good quality,2024-12-08
R01377,C0054,P0081,5,PRODUCT IS OKAY,2025-05-02
R01378,C0341,P0065,5,GOOD PRODUCT,2025-11-02
R01379,C0016,P0077,5,Poor packaging,2023-05-08
R01380,C0320,P0027,3, Excellent ,2025-03-17
R01381,C0225,P0019,5, Average quality ,2024-09-10
R01382,C0066,P0024,4, I love this product ,2025-01-06
R01383,C0070,P0050,5, I love this product ,2024-04-21
R01384,C0354,P0091,5,Will buy again,2025-09-18
R01385,C0459,P0019,3,Very good quality,2024-10-07
R01386,C0122,P0019,5,Fast delivery,2023-04-13
R01387,C0201,P0080,5,AMAZING PRODUCT,2024-01-20
R01388,C0096,P0073,5,I love this product,2024-06-03
R01389,C0044,P0091,4,product is okay,2025-03-19
R01390,C0360,P0100,4,terrible experience,2023-05-21
R01391,C0280,P0052,4, Bad product ,2024-08-29
R01392,C0402,P0042,5,VERY GOOD QUALITY,2024-04-05
R01393,C0218,P0055,3,will buy again,2023-01-10
R01394,C0487,P0044,5,i love this product,2024-10-24
R01395,C0329,P0074,5,not worth the price,2025-03-20
R01396,C0465,P0062,5, Very good quality ,2023-07-11
R01397,C0109,P0018,4,product is okay,2023-01-08
R01398,C0099,P0095,4,AMAZING PRODUCT,2023-09-01
R01399,C0045,P0069,5,AVERAGE QUALITY,2025-03-29
R01400,C0187,P0007,4,TERRIBLE EXPERIENCE,2025-04-21
R01401,C0222,P0075,5, Will buy again ,2025-11-07
R01402,C0464,P0009,4,Not worth the price,2025-07-27
R01403,C0446,P0054,5,product is okay,2025-01-08
R01404,C0317,P0097,4,amazing product,2023-06-04
R01405,C0306,P0049,5, Not worth the price ,2025-06-25
R01406,C0380,P0024,4,bad product,
R01407,C0157,P0074,4,Will buy again,2024-12-12
R01408,C0434,P0038,5,Excellent,2025-07-11
R01409,C0378,P0035,5,EXCELLENT,2024-05-30
R01410,C0152,P0078,5, Very good quality ,2025-05-06
R01411,C0102,P0016,3,I love this product,2025-08-16
R01412,C0140,P0091,4, Average quality ,2023-10-30
R01413,C0051,P0024,3,product is okay,2024-09-09
R01414,C0331,P0014,3,terrible experience,2025-09-09
R01415,C0263,P0012,3,product is okay,2023-02-27
R01416,C0132,P0057,5,Excellent,2023-08-01
R01417,C0052,P0005,4,PRODUCT IS OKAY,2023-12-28
R01418,C0188,P0070,5,EXCELLENT,2024-10-31
R01419,C0377,P0027,1,EXCELLENT,2023-12-11
R01420,,P0039,4,FAST DELIVERY,2024-02-29
R01421,C0166,P0012,5,excellent,2024-10-12
R01422,C0375,P0026,5, product is okay ,2024-08-26
R01423,C0034,P0090,5, I love this product ,2023-06-09
R01424,C0494,P0081,5, Very good quality ,2025-02-18
R01425,C0413,P0026,3,terrible experience,2024-12-14
R01426,C0322,P0011,3, Will buy again ,2025-01-04
R01427,C0444,P0028,5,Excellent,2025-11-02
R01428,C0086,P0042,5,average quality,09/08/2023
R01429,C0211,P0070,4,amazing product,2023-10-16
R01430,C0076,P0005,5,NOT WORTH THE PRICE,2023-09-30
R01431,C0331,P0076,4, Will buy again ,2024-06-05
R01432,C0283,P0089,4,GOOD PRODUCT,2023-12-22
R01433,C0477,P0039,5,Fast delivery,2025-08-01
R01434,C0286,P0054,2,amazing product,2023-07-24
R01435,C0340,P0083,5,Poor packaging,2023-06-24
R01436,C0091,P0048,4, Average quality ,2024-02-05
R01437,C0155,P0042,2,Excellent,2025-05-06
R01438,C0103,P0028,4,POOR PACKAGING,2025-06-07
R01439,C0115,P0054,2,I love this product,2024-08-18
R01440,C0042,P0056,5, Very good quality ,2025-05-29
R01441,C0164,P0035,5, Excellent ,2024-04-08
R01442,C0011,P0062,4, Terrible experience ,2024-04-30
R01443,C0041,P0017,4, I love this product ,15/06/2024
R01444,C0214,P0078,4,terrible experience,2025-02-06
R01445,C0412,P0010,5,Bad product,2023-08-10
R01446,C0271,P0099,4,Amazing product,2024-09-11
R01447,C0340,P0088,5,NOT WORTH THE PRICE,2025-07-12
R01448,C0305,P0055,3, I love this product ,2023-10-16
R01449,C0140,P0012,5,POOR PACKAGING,2025-05-30
R01450,C0101,P0009,3, Amazing product ,2023-08-05
R01451,C0456,P0057,5,Poor packaging,2025-07-15
R01452,C0354,P0072,4,not worth the price,2024-06-12
R01453,C0133,P0002,4,terrible experience,2023-08-28
R01454,C0074,P0082,5,Fast delivery,2024-12-06
R01455,C0062,P0058,3,Fast delivery,2024-10-30
R01456,C0134,P0051,5,Very good quality,2025-06-08
R01457,C0362,P0030,2,poor packaging,2024-07-10
R01458,C0309,P0060,1,BAD PRODUCT,2025-02-14
R01459,C0145,P0045,4,I love this product,2025-05-06
R01460,C0324,P0008,5,AMAZING PRODUCT,2024-08-25
R01461,C0067,P0046,2,PRODUCT IS OKAY,2023-05-07
R01462,C0201,P0026,5,Not worth the price,2023-04-26
R01463,C0170,P0083,3, Fast delivery ,2023-11-25
R01464,C0268,P0024,10,EXCELLENT,2023-08-26
R01465,C0077,P0080,5, Amazing product ,2025-05-25
R01466,C0111,P0040,4,excellent,2025-01-05
R01467,C0350,P0086,4, Fast delivery ,2023-08-10
R01468,C0238,P0100,5,i love this product,18/04/2025
R01469,C0186,P0066,3,NOT WORTH THE PRICE,2023-10-31
R01470,C0365,P0083,3,will buy again,2024-07-06
R01471,C0355,P0053,3,excellent,2025-05-12
R01472,C0258,P0064,10,very good quality,2023-06-07
R01473,C0060,P0056,4, Fast delivery ,2024-03-10
R01474,C0176,P0077,5,Terrible experience,2024-11-12
R01475,C0100,P0078,4,average quality,2025-01-26
R01476,C0218,P0086,5, Amazing product ,2025-12-03
R01477,C0258,P0100,5, product is okay ,2023-09-21
R01478,C0276,P0053,5, Excellent ,2023-05-06
R01479,C0375,P0060,5, Will buy again ,2023-11-05
R01480,C0167,P0089,4,PRODUCT IS OKAY,2024-07-20
R01481,C0298,P0027,2,WILL BUY AGAIN,2024-09-04
R01482,C0044,P0040,5,amazing product,2023-09-01
R01483,C0467,P0010,3,Fast delivery,2024-05-31
R01484,C0448,P0005,4,Amazing product,2025-04-02
R01485,C0200,P0019,4, Average quality ,2023-10-20
R01486,C0488,P0047,4,i love this product,2024-06-19
R01487,C0012,P0100,1,Fast delivery,2023-11-22
R01488,C0355,P0063,5,product is okay,2025-08-10
R01489,C0405,P0003,5, Excellent ,2025-01-24
R01490,C0237,P0056,3,NOT WORTH THE PRICE,2024-04-19
R01491,C0232,P0085,1,I love this product,2025-09-27
R01492,C0342,P0083,4,GOOD PRODUCT,2023-02-27
R01493,C0336,P0046,4,TERRIBLE EXPERIENCE,2023-07-21
R01494,C0145,P0003,5, I love this product ,2023-12-14
R01495,C0495,P0030,5,average quality,2025-04-15
R01496,C0372,P0006,2, Average quality ,2023-08-31
R01497,C0033,P0064,5,GOOD PRODUCT,2025-11-17
R01498,C0078,P0018,3,GOOD PRODUCT,2023-10-21
R01499,C0046,P0097,5,will buy again,2024-03-07
R01500,C0003,P0023,5,Amazing product,2024-12-29
R01501,C0401,P0095,1,Very good quality,2024-09-14
R01502,C0463,P0087,4,I LOVE THIS PRODUCT,2023-12-28
R01503,C0029,P0091,5,FAST DELIVERY,2025-01-28
R01504,C0124,P0062,4, Poor packaging ,2024-01-20
R01505,C0015,P0033,5, Amazing product ,2025-10-09
R01506,C0360,P0099,4,Average quality,2024-10-03
R01507,C0279,P0037,4,Average quality,2023-10-07
R01508,C0119,P0026,5,excellent,2024-05-18
R01509,C0436,P0082,5,Poor packaging,2024-09-21
R01510,C0444,P0054,5,fast delivery,2023-05-16
R01511,C0022,P0027,4, Will buy again ,2024-08-18
R01512,C0406,P0007,4,POOR PACKAGING,10/10/2023
R01513,C0107,P0006,4, Very good quality ,2025-05-14
R01514,C0208,P0085,5,Terrible experience,2024-06-05
R01515,C0379,P0034,5,TERRIBLE EXPERIENCE,26/03/2023
R01516,C0328,P0096,3, Amazing product ,2024-05-12
R01517,C0149,P0016,5, I love this product ,2025-09-18
R01518,C0321,P0025,5,excellent,2024-08-06
R01519,C0334,P0030,5,TERRIBLE EXPERIENCE,2023-03-28
R01520,C0361,P0059,5,VERY GOOD QUALITY,08/11/2023
R01521,C0052,P0081,5,poor packaging,2023-11-23
R01522,C0197,P0086,2,GOOD PRODUCT,2025-06-07
R01523,C0292,P0022,5,excellent,2023-05-18
R01524,C0193,P0060,4,product is okay,2025-12-03
R01525,C0044,P0085,2,Terrible experience,2023-02-25
R01526,C0486,P0008,4,BAD PRODUCT,2024-04-27
R01527,C0286,P0031,5,NOT WORTH THE PRICE,2025-09-09
R01528,C0395,P0087,5,BAD PRODUCT,2024-12-29
R01529,C0452,P0041,4,excellent,2025-01-02
R01530,C0139,P0085,4,Very good quality,2023-05-23
R01531,C0349,P0025,5,fast delivery,20/08/2024
R01532,C0232,P0089,5,BAD PRODUCT,2025-12-07
R01533,C0304,P0073,4, Will buy again ,2025-03-14
R01534,C0414,P0003,3,product is okay,2023-11-18
R01535,C0360,P0034,3, Amazing product ,2023-10-22
R01536,C0037,P0061,2,product is okay,2024-12-07
R01537,C0134,P0042,5,Good product,2023-04-01
R01538,C0013,P0084,5,Excellent,2025-01-17
R01539,C0071,P0067,5,Not worth the price,2024-05-09
R01540,C0121,P0074,5,PRODUCT IS OKAY,2023-07-03
R01541,C0436,P0092,1,I love this product,2024-04-08
R01542,C0471,P0067,3,Bad product,2025-06-29
R01543,C0164,P0028,4,TERRIBLE EXPERIENCE,2024-08-28
R01544,C0027,P0023,4,Will buy again,2024-09-06
R01545,C0201,P0067,4,AMAZING PRODUCT,2023-12-17
R01546,C0286,P0047,3,Poor packaging,2024-12-07
R01547,C0379,P0024,5,GOOD PRODUCT,2023-05-31
R01548,C0473,P0015,1,product is okay,2025-01-15
R01549,C0156,P0100,5,AVERAGE QUALITY,2024-09-26
R01550,C0073,P0001,4,I love this product,2024-07-09
R01551,C0054,P0094,2,WILL BUY AGAIN,2025-08-12
R01552,C0097,P0087,1,Bad product,2023-12-15
R01553,C0334,P0058,2,I love this product,2024-11-03
R01554,C0028,P0018,5,fast delivery,2024-05-29
R01555,C0322,P0077,5,POOR PACKAGING,2024-05-08
R01556,C0014,P0027,4, Bad product ,2023-01-13
R01557,C0055,P0093,5,GOOD PRODUCT,15/04/2024
R01558,C0068,P0066,5,terrible experience,2023-05-19
R01559,C0077,P0097,2, Amazing product ,2025-07-18
R01560,C0175,P0058,3,fast delivery,2025-01-01
R01561,C0059,P0020,5, Not worth the price ,2024-03-15
R01562,C0330,P0008,4,I LOVE THIS PRODUCT,2025-05-23
R01563,C0478,P0084,5,Will buy again,09/03/2024
R01564,C0012,P0024,3,bad product,2024-12-15
R01565,C0199,P0055,2,not worth the price,2025-12-26
R01566,C0090,P0016,5, Bad product ,2025-09-28
R01567,C0083,P0013,4,EXCELLENT,2024-03-14
R01568,C0296,P0092,4, Fast delivery ,2023-12-29
R01569,C0485,P0048,5,not worth the price,2024-12-18
R01570,C0033,P0075,4,BAD PRODUCT,2024-10-29
R01571,C0017,P0075,5,WILL BUY AGAIN,2024-09-14
R01572,C0039,P0097,5,average quality,2025-10-17
R01573,C0107,P0098,4,i love this product,2025-05-25
R01574,C0387,P0058,5,TERRIBLE EXPERIENCE,2023-12-26
R01575,C0214,P0038,4,TERRIBLE EXPERIENCE,2025-11-06
R01576,C0220,P0040,4,i love this product,2025-06-13
R01577,C0184,P0085,4, Fast delivery ,2025-10-14
R01578,C0003,P0042,4,Very good quality,2025-04-13
R01579,C0482,P0007,5,NOT WORTH THE PRICE,2025-08-08
R01580,C0397,P0075,5,,2024-07-27
R01581,C0035,P0013,5,FAST DELIVERY,2023-01-11
R01582,C0071,P0043,4,Not worth the price,2025-10-27
R01583,C0159,P0022,4,Not worth the price,2024-06-21
R01584,C0313,P0064,4, Amazing product ,2025-01-01
R01585,C0374,P0070,1,GOOD PRODUCT,2024-09-05
R01586,C0209,P0001,5,WILL BUY AGAIN,2025-03-09
R01587,C0361,P0024,3,poor packaging,2025-01-30
R01588,C0152,P0014,1,NOT WORTH THE PRICE,2023-10-19
R01589,C0170,P0001,5,terrible experience,2023-11-30
R01590,C0315,P0021,6, Bad product ,2024-11-16
R01591,C0095,P0099,3,TERRIBLE EXPERIENCE,2024-04-04
R01592,C0090,P0075,4,product is okay,2024-07-30
R01593,C0420,P0049,3, Bad product ,2025-10-05
R01594,C0166,P0093,4, Very good quality ,2024-08-24
R01595,C0135,P0076,4,i love this product,2023-07-07
R01596,C0050,P0017,4,product is okay,2024-11-04
R01597,C0386,P0072,3,Amazing product,2024-05-07
R01598,C0280,P0041,5,Excellent,2024-04-09
R01599,C0443,P0085,4,average quality,2023-05-17
R01600,C0178,P0029,4,fast delivery,2024-11-26
R01601,C0282,P0092,3,I LOVE THIS PRODUCT,2024-10-20
R01602,C0004,P0074,2, Will buy again ,2023-04-01
R01603,C0046,P0064,2, product is okay ,2024-09-10
R01604,C0235,P0032,5,Terrible experience,2023-05-10
R01605,C0148,P0078,2,NOT WORTH THE PRICE,2024-05-04
R01606,C0436,P0004,3,amazing product,2023-07-17
R01607,,P0041,5,product is okay,2023-01-06
R01608,C0385,P0042,4, Amazing product ,2025-03-08
R01609,C0053,P0080,5,product is okay,2025-07-15
R01610,C0493,P0035,5,good product,2023-02-27
R01611,C0186,P0079,5,I love this product,2025-01-21
R01612,C0107,P0034,5, product is okay ,2024-08-18
R01613,C0377,P0035,-2,Bad product,2023-07-02
R01614,C0154,P0021,1, Good product ,2025-11-08
R01615,C0417,P0012,5,poor packaging,2024-01-18
R01616,C0475,P0053,4,FAST DELIVERY,2024-07-09
R01617,C0427,P0060,4,Poor packaging,2025-06-26
R01618,C0169,P0005,3,WILL BUY AGAIN,2025-02-03
R01619,C0172,P0016,4,Amazing product,
R01620,C0235,P0048,4,I love this product,2025-08-12
R01621,C0429,P0057,5, Terrible experience ,2025-02-15
R01622,C0016,P0088,5,NOT WORTH THE PRICE,2023-07-09
R01623,C0217,P0076,5,average quality,2023-08-19
R01624,C0187,P0013,3,bad product,2024-06-21
R01625,C0285,P0027,5,Not worth the price,2024-10-03
R01626,C0402,P0047,5, Amazing product ,2025-01-16
R01627,C0082,P0063,4,I love this product,2023-05-07
R01628,C0299,P0080,5,bad product,2023-10-07
R01629,C0430,P0085,4,VERY GOOD QUALITY,2025-02-06
R01630,C0345,P0086,4,average quality,2023-02-28
R01631,C0011,P0068,0,product is okay,2023-12-31
R01632,C0064,P0003,4, Good product ,14/12/2023
R01633,C0182,P0010,5, product is okay ,2023-10-09
R01634,C0320,P0098,1,Average quality,2025-01-18
R01635,C0363,P0100,5, Not worth the price ,2023-08-13
R01636,C0400,P0061,4,Excellent,2024-06-18
R01637,C0451,P0025,10,POOR PACKAGING,2024-12-09
R01638,C0339,P0055,5,excellent,2024-02-23
R01639,C0291,P0066,4, Will buy again ,2024-07-04
R01640,C0044,P0032,5, Will buy again ,2025-08-27
R01641,C0271,P0064,5,GOOD PRODUCT,2023-08-20
R01642,C0046,P0081,4, Terrible experience ,2023-06-29
R01643,C0119,P0030,2,terrible experience,2025-08-27
R01644,C0450,P0086,0,BAD PRODUCT,2024-03-02
R01645,C0137,P0031,3,bad product,2024-07-18
R01646,C0464,P0057,2, Good product ,2025-08-10
R01647,C0391,P0013,5,Bad product,2025-09-29
R01648,C0396,P0078,4, Not worth the price ,2024-05-06
R01649,C0262,P0063,3,terrible experience,2023-03-25
R01650,C0372,P0009,5,Excellent,2023-12-19
R01651,C0026,P0065,3,Bad product,2024-01-06
R01652,C0157,P0037,5,POOR PACKAGING,2024-08-24
R01653,C0367,P0031,5,fast delivery,2023-08-18
R01654,C0264,P0100,5,terrible experience,2023-07-20
R01655,C0131,P0076,4,fast delivery,2025-09-01
R01656,C0389,P0005,2,Terrible experience,2024-08-18
R01657,C0343,P0044,5,Amazing product,2023-02-04
R01658,C0401,P0081,1,bad product,2025-11-12
R01659,C0069,P0036,4,terrible experience,2023-07-19
R01660,C0362,P0016,4,POOR PACKAGING,2024-04-02
R01661,C0403,P0013,5, Excellent ,2025-10-09
R01662,C0142,P0027,4, Average quality ,2023-03-13
R01663,C0456,P0008,3,FAST DELIVERY,2025-08-26
R01664,C0171,,4, Terrible experience ,2023-07-06
R01665,C0115,P0032,4,FAST DELIVERY,2025-12-02
R01666,C0210,P0065,2,Bad product,2023-11-29
R01667,C0322,P0043,1,bad product,2025-09-23
R01668,C0284,P0048,5,average quality,2025-04-07
R01669,C0048,P0050,3,I love this product,2023-01-18
R01670,C0214,P0022,5,Good product,2025-11-18
R01671,C0055,P0017,3,AVERAGE QUALITY,2023-01-21
R01672,C0397,P0085,4,Not worth the price,2025-06-05
R01673,C0326,P0082,4, Fast delivery ,2024-03-12
R01674,C0425,,4,bad product,2023-08-27
R01675,C0126,P0093,5,FAST DELIVERY,2023-03-31
R01676,C0052,P0014,5,EXCELLENT,08/07/2024
R01677,C0311,P0049,3,poor packaging,2024-10-30
R01678,C0068,P0073,1,very good quality,2025-12-14
R01679,C0482,P0075,4, Amazing product ,2024-06-09
R01680,C0343,P0093,4, Amazing product ,2024-07-23
R01681,C0225,P0019,5,fast delivery,2024-08-26
R01682,C0076,P0085,4,Terrible experience,2023-04-23
R01683,C0129,P0040,4,BAD PRODUCT,2023-08-09
R01684,C0185,P0053,4,EXCELLENT,2024-06-10
R01685,C0482,P0034,5,not worth the price,2024-10-28
R01686,C0146,P0039,2,Average quality,2024-09-16
R01687,C0411,P0047,4,I love this product,2024-09-25
R01688,C0409,P0038,4,will buy again,2024-10-13
R01689,C0069,P0091,3,POOR PACKAGING,2025-11-12
R01690,C0409,P0051,4,Average quality,2025-02-15
R01691,C0009,P0072,4,amazing product,2024-04-14
R01692,C0129,P0031,5,Very good quality,2025-09-01
R01693,C0151,P0020,5,VERY GOOD QUALITY,2024-05-01
R01694,C0051,P0029,5, Terrible experience ,2025-06-13
R01695,C0317,P0064,5,FAST DELIVERY,2024-06-17
R01696,C0316,P0028,4,i love this product,2025-09-20
R01697,C0068,P0096,4, Terrible experience ,2025-06-22
R01698,C0186,P0033,5, Bad product ,2023-12-01
R01699,C0085,P0041,3, Terrible experience ,2023-01-04
R01700,C0437,P0068,5,product is okay,2024-03-07
R01701,C0051,P0024,3,average quality,2025-08-30
R01702,C0118,P0059,3, Bad product ,31/03/2023
R01703,C0468,P0009,4,AMAZING PRODUCT,2025-09-16
R01704,C0422,P0062,4, Good product ,2023-04-17
R01705,C0121,P0021,5,excellent,2025-09-29
R01706,C0108,P0029,5,FAST DELIVERY,2023-11-23
R01707,C0001,P0068,2,Fast delivery,2025-12-20
R01708,C0328,P0059,3,FAST DELIVERY,2024-12-30
R01709,C0280,P0023,5,NOT WORTH THE PRICE,2024-04-08
R01710,C0045,P0068,3,amazing product,2024-07-29
R01711,C0395,P0099,5,fast delivery,2023-07-24
R01712,C0286,P0067,5,fast delivery,2025-11-05
R01713,C0353,P0075,4,poor packaging,2023-07-11
R01714,C0467,P0013,4,terrible experience,2024-07-07
R01715,C0062,P0064,3,WILL BUY AGAIN,2024-04-26
R01716,C0400,P0083,4,good product,2025-04-23
R01717,C0103,P0085,3,AMAZING PRODUCT,2024-10-15
R01718,C0416,P0040,4,EXCELLENT,20/01/2024
R01719,C0347,P0059,4,will buy again,2023-07-22
R01720,C0228,P0017,5, product is okay ,2023-01-26
R01721,C0425,P0073,3,product is okay,2024-03-17
R01722,C0076,P0036,3,TERRIBLE EXPERIENCE,2024-02-06
R01723,C0498,P0099,5, Good product ,2023-02-20
R01724,C0042,P0088,5,WILL BUY AGAIN,2025-07-30
R01725,C0193,P0025,3, Excellent ,2023-10-01
R01726,C0117,P0001,4, product is okay ,2025-11-22
R01727,C0341,P0064,5,TERRIBLE EXPERIENCE,2023-12-16
R01728,C0246,P0065,4,excellent,2023-02-28
R01729,C0061,P0018,5,very good quality,
R01730,C0318,P0070,4,AMAZING PRODUCT,2025-06-03
R01731,C0040,P0007,5,bad product,2024-09-13
R01732,C0292,P0065,5,product is okay,2024-01-02
R01733,C0084,P0036,4, Average quality ,2025-01-07
R01734,C0020,P0057,3,Not worth the price,2023-06-07
R01735,C0418,P0070,4, Excellent ,2023-06-24
R01736,C0397,P0073,2,I LOVE THIS PRODUCT,2025-10-06
R01737,C0183,P0014,4,Not worth the price,2025-04-10
R01738,C0469,P0008,4, Very good quality ,2025-12-31
R01739,,P0036,1,AVERAGE QUALITY,2023-02-12
R01740,C0239,P0057,5,Not worth the price,2023-05-02
R01741,C0444,P0017,2,excellent,2023-07-19
R01742,C0174,P0061,4,fast delivery,2023-07-08
R01743,C0018,P0003,1,Excellent,2025-03-01
R01744,C0385,P0069,5,FAST DELIVERY,2025-08-23
R01745,C0123,P0075,5,TERRIBLE EXPERIENCE,2025-08-30
R01746,C0122,P0071,5,Average quality,2025-07-12
R01747,C0419,P0012,5,will buy again,2024-07-05
R01748,C0188,P0065,5,VERY GOOD QUALITY,2025-03-06
R01749,C0025,P0023,3,VERY GOOD QUALITY,
R01750,C0040,P0069,5, Bad product ,2024-01-29
R01751,C0437,P0061,4,bad product,2024-11-07
R01752,C0048,P0018,5,Amazing product,2025-12-03
R01753,C0381,P0027,5, Terrible experience ,27/06/2023
R01754,C0195,P0020,2,EXCELLENT,2025-06-21
R01755,C0019,P0050,1,Terrible experience,2025-07-19
R01756,C0286,P0093,5,Bad product,2024-12-18
R01757,C0079,P0074,3, Bad product ,2024-10-29
R01758,C0456,P0051,4,fast delivery,2024-07-24
R01759,C0114,P0010,4,not worth the price,2023-07-08
R01760,C0182,P0077,4, Good product ,2024-02-27
R01761,C0116,P0046,4,Will buy again,2024-07-31
R01762,C0477,P0027,3,i love this product,2023-11-23
R01763,C0131,P0056,5,NOT WORTH THE PRICE,2025-07-14
R01764,C0382,P0017,5,Bad product,2025-04-18
R01765,C0247,P0050,5,VERY GOOD QUALITY,2025-10-06
R01766,C0226,P0076,4,Good product,2024-07-22
R01767,C0385,P0043,5,Bad product,2023-10-20
R01768,C0388,P0022,4,WILL BUY AGAIN,2023-03-30
R01769,C0401,P0055,4,average quality,2023-10-29
R01770,C0310,P0058,4, Poor packaging ,2023-04-18
R01771,C0118,P0062,4, Very good quality ,2025-03-26
R01772,C0332,P0025,1,average quality,2025-11-13
R01773,C0468,P0029,5, Very good quality ,2023-08-11
R01774,C0063,P0045,4,NOT WORTH THE PRICE,2024-12-03
R01775,C0453,P0073,3,amazing product,2025-01-28
R01776,C0048,P0013,3, Terrible experience ,2024-10-13
R01777,C0094,P0033,3,good product,2023-07-11
R01778,C0347,P0095,4,Average quality,2024-03-13
R01779,C0239,P0079,5,terrible experience,2023-05-05
R01780,C0213,P0071,5, Good product ,2025-12-23
R01781,C0124,P0044,5,POOR PACKAGING,2025-01-26
R01782,C0258,P0083,5,EXCELLENT,2025-05-24
R01783,C0135,P0082,3,POOR PACKAGING,2025-07-07
R01784,C0314,P0058,4,,2025-09-16
R01785,C0179,P0094,3, Average quality ,2023-11-28
R01786,C0332,P0008,5, Will buy again ,2024-09-13
R01787,C0272,P0022,3, Terrible experience ,2025-09-04
R01788,C0264,P0033,4, Amazing product ,2025-10-10
R01789,C0271,P0042,5, Good product ,2025-07-16
R01790,C0329,P0056,4, Terrible experience ,2025-09-12
R01791,C0391,P0041,5,EXCELLENT,2023-04-27
R01792,C0055,P0043,5, Poor packaging ,2023-01-12
R01793,C0207,P0057,4, Poor packaging ,2024-06-19
R01794,C0056,P0078,4,excellent,2023-11-22
R01795,C0212,P0062,5, Very good quality ,2023-11-13
R01796,C0088,P0028,4, I love this product ,2023-08-05
R01797,C0005,P0093,0,bad product,2025-01-23
R01798,C0329,P0050,5,Excellent,2024-10-13
R01799,C0393,P0072,2,I love this product,2024-12-19
R01800,C0188,P0027,4,bad product,2023-03-27
R01801,C0126,P0049,4,very good quality,2024-03-29
R01802,C0011,P0009,5,average quality,2024-09-30
R01803,C0141,P0014,5,amazing product,2025-09-14
R01804,C0289,P0085,3, Average quality ,2023-05-26
R01805,C0109,P0055,5,i love this product,2024-11-02
R01806,C0008,P0050,4,Amazing product,2024-03-30
R01807,C0374,P0099,3, Terrible experience ,2025-12-09
R01808,C0137,P0006,5,Very good quality,2023-07-07
R01809,C0427,P0025,4,good product,2024-05-23
R01810,C0249,P0004,5, Amazing product ,2025-07-30
R01811,C0136,P0053,2, I love this product ,2023-04-27
R01812,C0244,P0090,4,Excellent,2025-09-01
R01813,C0327,P0014,3, Not worth the price ,2023-10-21
R01814,C0313,P0022,4,I love this product,2024-09-25
R01815,C0025,P0011,4,GOOD PRODUCT,03/02/2023
R01816,C0327,P0078,5,PRODUCT IS OKAY,2025-06-25
R01817,C0027,P0001,4,Amazing product,2025-08-04
R01818,C0263,P0028,2,BAD PRODUCT,2025-01-28
R01819,C0353,P0051,5,Not worth the price,2023-05-27
R01820,C0194,P0013,4,GOOD PRODUCT,2025-12-14
R01821,C0403,P0032,5, Terrible experience ,2025-07-18
R01822,C0256,P0008,1,GOOD PRODUCT,2023-07-25
R01823,C0077,P0097,1, Bad product ,2023-09-29
R01824,C0087,P0090,5,Not worth the price,2024-03-22
R01825,C0484,P0079,5, Good product ,2024-10-14
R01826,C0382,P0005,2,Very good quality,2023-06-06
R01827,C0458,P0070,5,very good quality,2025-02-14
R01828,C0405,P0035,4,WILL BUY AGAIN,2023-08-18
R01829,C0196,P0060,1,NOT WORTH THE PRICE,2025-11-27
R01830,C0432,P0009,5,good product,2023-08-14
R01831,C0157,P0011,4, Very good quality ,2025-05-21
R01832,C0092,P0072,3,Bad product,2023-11-07
R01833,C0291,P0049,4, Average quality ,2023-10-04
R01834,C0470,P0076,5,fast delivery,2025-11-04
R01835,C0063,P0056,5,i love this product,2023-10-26
R01836,C0460,P0063,2,,2023-11-16
R01837,C0130,P0039,5,TERRIBLE EXPERIENCE,2025-03-10
R01838,C0019,P0021,4, Will buy again ,2024-07-18
R01839,C0081,P0092,5,Very good quality,2025-11-27
R01840,C0406,P0019,5,FAST DELIVERY,23/06/2024
R01841,C0026,P0043,5,Will buy again,2025-08-13
R01842,C0317,P0043,5,Good product,2023-12-16
R01843,C0496,P0033,4, product is okay ,2023-10-11
R01844,C0126,P0048,4, Bad product ,2024-04-10
R01845,C0238,P0081,2,Fast delivery,2024-08-11
R01846,C0255,P0016,4,PRODUCT IS OKAY,2024-02-02
R01847,C0080,P0003,3,not worth the price,2023-07-04
R01848,C0316,P0082,5,bad product,2023-01-30
R01849,C0399,P0068,3,not worth the price,2025-07-09
R01850,C0375,P0060,4,AVERAGE QUALITY,2024-09-21
R01851,C0086,P0023,4, Poor packaging ,2025-09-28
R01852,C0256,P0025,4,Amazing product,2023-05-07
R01853,C0428,P0039,1,AMAZING PRODUCT,2025-06-04
R01854,C0358,P0075,3,Not worth the price,2025-05-04
R01855,C0230,P0097,4, Not worth the price ,2023-12-24
R01856,C0017,P0081,4,Bad product,2025-06-08
R01857,C0160,P0079,5,amazing product,2023-05-24
R01858,C0327,P0006,5,Average quality,2025-10-06
R01859,C0213,P0039,2,amazing product,2024-11-02
R01860,C0426,P0042,5,PRODUCT IS OKAY,2025-10-25
R01861,C0376,P0039,5, Not worth the price ,2024-12-05
R01862,C0368,P0016,4,Excellent,2025-07-11
R01863,C0102,P0033,2,Bad product,2025-08-11
R01864,C0298,P0028,4,product is okay,2023-12-24
R01865,C0435,P0060,4,Terrible experience,2024-03-16
R01866,C0401,P0100,3,bad product,2025-08-17
R01867,C0219,P0042,5, Average quality ,2025-12-30
R01868,C0066,P0064,5,average quality,2024-08-16
R01869,C0353,P0040,5,Fast delivery,2024-07-17
R01870,C0097,P0094,5,good product,2023-02-27
R01871,C0052,P0039,3,excellent,2025-02-26
R01872,C0388,P0073,4,AVERAGE QUALITY,2025-01-05
R01873,C0104,P0071,5,POOR PACKAGING,2023-12-19
R01874,C0111,P0018,5,Excellent,2024-09-17
R01875,C0171,P0093,5,excellent,2024-03-23
R01876,C0214,P0066,4,terrible experience,2023-11-28
R01877,C0397,P0098,5,Poor packaging,2025-04-30
R01878,C0395,P0062,5, product is okay ,2025-01-24
R01879,C0462,P0082,4,bad product,2023-01-11
R01880,C0114,P0090,5,amazing product,2023-01-02
R01881,C0120,P0082,2,i love this product,2025-03-23
R01882,C0314,P0010,2,Fast delivery,2025-07-24
R01883,C0005,P0013,4,average quality,2023-07-02
R01884,C0041,P0046,2,will buy again,2025-12-18
R01885,C0195,P0020,2,EXCELLENT,2023-05-22
R01886,C0313,P0035,4,bad product,2023-05-31
R01887,C0280,P0060,2,will buy again,2025-04-09
R01888,C0296,P0100,4,very good quality,2025-02-09
R01889,C0308,P0058,3,PRODUCT IS OKAY,2025-01-16
R01890,C0455,P0057,1,Will buy again,2023-10-08
R01891,C0411,P0048,2,Very good quality,2023-03-20
R01892,C0310,P0072,5,Very good quality,2023-05-08
R01893,C0297,P0034,1,average quality,2024-03-28
R01894,C0072,P0059,1, I love this product ,2024-04-06
R01895,C0008,P0087,3, Not worth the price ,2024-11-18
R01896,C0149,P0019,4,i love this product,2025-04-25
R01897,C0284,P0002,5, product is okay ,2025-12-13
R01898,C0443,P0026,3,bad product,2025-03-17
R01899,C0214,P0095,5, Excellent ,2023-07-25
R01900,C0127,P0011,2, Will buy again ,2023-05-06
R01901,C0118,P0077,4, Poor packaging ,2025-09-01
R01902,C0142,P0014,5, Average quality ,2024-01-16
R01903,C0459,P0038,4,bad product,2024-03-28
R01904,C0193,P0086,1,terrible experience,2024-06-10
R01905,C0455,P0015,5, Average quality ,2024-02-12
R01906,C0104,P0094,4,Poor packaging,2023-05-10
R01907,C0154,P0091,0,WILL BUY AGAIN,2023-10-03
R01908,C0372,P0077,5,fast delivery,2024-09-28
R01909,C0183,P0069,5,average quality,2025-08-29
R01910,C0286,P0075,3, Average quality ,2025-09-27
R01911,C0069,P0066,5, Amazing product ,2025-09-18
R01912,C0083,P0084,5,AVERAGE QUALITY,2024-11-14
R01913,C0235,P0073,5,Poor packaging,2024-01-01
R01914,C0409,P0037,3,FAST DELIVERY,2024-12-07
R01915,C0014,P0094,5,PRODUCT IS OKAY,2024-07-26
R01916,C0011,P0002,3,VERY GOOD QUALITY,2024-09-06
R01917,C0313,P0052,5, Very good quality ,2023-08-13
R01918,C0429,P0061,5,I LOVE THIS PRODUCT,2025-12-14
R01919,C0144,P0048,4, Excellent ,2023-03-06
R01920,C0226,P0091,5,AMAZING PRODUCT,2025-02-17
R01921,C0066,P0096,4,not worth the price,2023-12-28
R01922,C0111,P0031,5,Amazing product,2024-11-24
R01923,C0475,P0094,5, Good product ,2023-03-08
R01924,C0322,P0017,5,product is okay,2024-12-10
R01925,C0483,P0026,5,Amazing product,2024-11-16
R01926,C0094,P0082,5, Fast delivery ,2025-03-30
R01927,C0233,P0063,5,product is okay,2024-03-22
R01928,C0419,P0046,2,BAD PRODUCT,2024-09-29
R01929,C0369,P0063,4,TERRIBLE EXPERIENCE,07/03/2023
R01930,C0049,P0095,2,Very good quality,2023-05-09
R01931,C0063,P0063,4, Excellent ,2024-02-27
R01932,C0101,P0053,4,bad product,2024-08-25
R01933,C0324,P0023,5,Very good quality,2024-11-20
R01934,C0220,P0075,2,average quality,2024-09-29
R01935,C0254,P0071,3,I love this product,2023-05-24
R01936,C0036,P0030,4,Fast delivery,2024-03-17
R01937,C0357,P0086,4,poor packaging,2023-06-21
R01938,C0468,P0045,5,Terrible experience,2024-07-24
R01939,C0395,P0100,4,Bad product,2024-11-08
R01940,C0370,P0062,4,EXCELLENT,2025-05-19
R01941,C0102,P0087,5,terrible experience,2024-02-18
R01942,C0221,P0011,5,terrible experience,2023-11-12
R01943,C0307,P0079,1,Bad product,2025-05-11
R01944,C0339,P0093,5,WILL BUY AGAIN,2025-09-01
R01945,C0079,P0086,4,Will buy again,2025-08-24
R01946,C0053,P0041,4,Excellent,2025-03-24
R01947,C0405,P0018,5,Good product,2025-06-19
R01948,C0384,P0046,5, Good product ,2025-02-25
R01949,C0304,P0014,4, product is okay ,2023-09-21
R01950,C0280,P0041,5,will buy again,2025-03-21
R01951,C0290,P0036,4,average quality,2023-06-11
R01952,C0421,P0074,4,Excellent,2024-02-25
R01953,C0464,P0011,2,VERY GOOD QUALITY,2024-10-17
R01954,C0327,P0091,4,Poor packaging,2024-10-12
R01955,C0015,P0022,4, Not worth the price ,
R01956,C0022,P0051,2,WILL BUY AGAIN,2023-01-21
R01957,C0385,P0053,5,EXCELLENT,2023-12-14
R01958,C0190,P0095,3,Very good quality,2024-10-28
R01959,C0075,P0077,5,PRODUCT IS OKAY,2023-07-02
R01960,C0182,P0052,4,VERY GOOD QUALITY,2024-02-13
R01961,C0032,P0057,5,will buy again,2024-05-07
R01962,C0264,P0057,5,very good quality,2024-08-18
R01963,C0349,P0042,4, Average quality ,
R01964,C0102,P0004,5,Good product,2025-08-08
R01965,C0401,P0044,5,product is okay,2025-07-12
R01966,C0241,P0038,5,Very good quality,2024-08-24
R01967,C0421,P0096,5,terrible experience,2024-12-10
R01968,C0257,P0027,5,VERY GOOD QUALITY,2025-04-02
R01969,C0388,P0023,3,FAST DELIVERY,2024-03-30
R01970,,P0032,5,Will buy again,2025-06-06
R01971,C0171,P0059,3, Will buy again ,2024-12-24
R01972,C0259,P0049,4,Not worth the price,2023-04-25
R01973,C0030,P0024,4, Fast delivery ,2023-02-17
R01974,C0196,P0055,4,not worth the price,2023-04-02
R01975,C0295,P0083,5, product is okay ,2025-01-01
R01976,C0480,P0047,1,will buy again,2023-10-31
R01977,C0486,P0007,4,NOT WORTH THE PRICE,2025-11-16
R01978,C0191,P0045,5,Will buy again,2024-03-04
R01979,C0391,P0033,3,I LOVE THIS PRODUCT,2024-07-09
R01980,C0333,P0091,5,Average quality,2023-05-12
R01981,C0140,P0002,3, product is okay ,2024-06-16
R01982,C0224,P0067,3,average quality,2025-11-20
R01983,C0163,P0075,5,terrible experience,2025-03-05
R01984,C0003,P0009,2,poor packaging,2023-11-15
R01985,C0263,P0063,1,Very good quality,2025-03-04
R01986,C0272,P0071,5,very good quality,2024-03-17
R01987,C0298,P0081,5, product is okay ,2023-10-25
R01988,C0290,P0013,4,Poor packaging,2024-03-27
R01989,C0439,P0014,4,AMAZING PRODUCT,2025-12-30
R01990,C0310,P0017,4, Very good quality ,2025-04-26
R01991,C0050,P0068,4,VERY GOOD QUALITY,2025-08-11
R01992,C0234,P0054,5,Will buy again,2023-01-17
R01993,C0017,P0067,2,Not worth the price,2025-06-19
R01994,C0164,P0096,5,bad product,2023-09-16
R01995,C0157,P0077,4, Terrible experience ,2023-06-27
R01996,C0352,P0067,4, Amazing product ,2024-04-05
R01997,C0055,P0052,3,not worth the price,21/11/2024
R01998,C0042,P0063,5,i love this product,2024-02-16
R01999,C0043,P0079,2, Terrible experience ,2025-08-01
R02000,C0292,P0032,5,VERY GOOD QUALITY,2024-05-05
R01592,C0090,P0075,4,product is okay,2024-07-30
R01979,C0391,P0033,3,I LOVE THIS PRODUCT,2024-07-09
R00070,C0102,P0018,2,product is okay,2025-07-09
R00138,C0432,P0027,4,WILL BUY AGAIN,2024-12-19
R01653,C0367,P0031,5,fast delivery,2023-08-18
R01743,C0018,P0003,1,Excellent,2025-03-01
R01146,C0043,P0044,2, product is okay ,2024-03-19
R01771,C0118,P0062,4, Very good quality ,2025-03-26
R00226,C0191,P0053,5,I love this product,2025-05-19
R00008,C0401,P0028,5,product is okay,2023-08-05
R01659,C0069,P0036,4,terrible experience,2023-07-19
R01857,C0160,P0079,5,amazing product,2023-05-24
R00600,C0153,P0042,5,Average quality,2025-07-19
R00229,C0244,P0028,3,bad product,2024-06-25
R01563,C0478,P0084,5,Will buy again,09/03/2024
R00862,C0496,P0010,3,will buy again,2024-01-17
R01625,C0285,P0027,5,Not worth the price,2024-10-03
R00583,C0252,P0096,5,Average quality,2024-05-09
R00470,C0349,P0047,5,terrible experience,2025-01-23
R01971,C0171,P0059,3, Will buy again ,2024-12-24
